382,"LABORATORIO DE MECANICA CLASSICA (1200535)"
359,"CALCULO I (1200003)"
315,"EXPRESSAO GRAFICA (1200557)"
291,"MECANICA CLASSICA (1200534)"
284,"GEOMETRIA ANALITICA (1200255)"
284,"ESTATISTICA (1104030)"
271,"CALCULO II (1200008)"
269,"LABORATORIO DE QUIMICA GERAL"
261,"ANALISE E EXPRESSAO TEXTUAL (1200536)"
244,"LABORATORIO DE ONDAS E TERMODINAMICA"
240,"INFORMATICA APLICADA (1200448)"
229,"ALGEBRA LINEAR (1200260)"
221,"LABORATORIO DE QUIMICA APLICADA A ENGENHARIA"
209,"FILOSOFIA DA CIENCIA  E MET. CIENTIFICA (1200171)"
195,"AMBIENTE ENERGIA E SOCIEDADE (1200340)"
167,"SEMINARIO DE INTRODUCAO AO CURSO (1200537)"
162,"LABORATORIO DE ELETRICIDADE E MAGNETISMO"
162,"ECONOMIA PARA ENGENHARIA (1200374)"
154,"SOCIOLOGIA (1200320)"
143,"EQUACOES DIFERENCIAIS"
137,"QUIMICA APLICADA A ENGENHARIA"
133,"MECANICA GERAL I (1200545)"
132,"INTRODUCAO AS FUNCOES DE VARIAS VARIAVEIS (1200122)"
126,"ONDAS E TERMODINAMICA"
126,"LABORATORIO DE QUIMICA GERAL (1200538)"
125,"PROJETO AUXILIADO POR COMPUTADOR (1200543)"
124,"FENOMENOS DE TRANSPORTE"
122,"PROJETO AUXILIADO POR COMPUTADOR (1200121)"
121,"QUIMICA GERAL (1200431)"
121,"CALCULO NUMERICO (1200128)"
120,"ETICA E LEGISLACAO (1200047)"
120,"ELETRICIDADE E MAGNETISMO"
107,"S. DE G. DE S. E SEGURANCA NO TRABALHO"
103,"QUIMICA GERAL"
98,"ADMINISTRACAO E EMPREENDEDORISMO"
90,"CULTIVOS AGRICOLAS I (1200042)"
87,"BOTANICA I (1103018)"
84,"SEMINARIO INTEGRADOR"
80,"OLERICULTURA (1200043)"
79,"RESISTENCIA DOS MATERIAIS  I (1200556)"
78,"TECNOLOGIA DE SEMENTES (1200025)"
71,"HIDRAULICA (1200018)"
70,"ESTATISTICA EXPERIMENTAL (1200010)"
67,"TOPOGRAFIA (1200007)"
67,"LABORATORIO DE QUIMICA ANALITICA (1200753)"
67,"ENTOMOLOGIA E PARASITOLOGIA I (1103029)"
65,"ALIMENTOS E ALIMENTACAO DOS ANIMAIS DOMESTICOS"
63,"SOCIOLOGIA RURAL (1101038)"
61,"ZOOLOGIA DE VERTEBRADOS (1200704)"
61,"BOTANICA II (1103020)"
59,"ENTOMOLOGIA E PARASITOLOGIA II (1200031)"
59,"BIOQUIMICA"
56,"ESTATISTICA"
55,"TRABALHO DE CONCLUSAO DE CURSO I"
54,"MICROBIOLOGIA AGRICOLA (1200009)"
54,"FITOPATOLOGIA I (1200030)"
53,"MATERIAIS DE CONSTRUCAO I"
53,"FISICA DO SOLO (1200016)"
52,"MAQUINAS E MECANIZACAO AGRICOLA (1200023)"
52,"INTROD.AS FUNCOES DE VARIAS VARIAVEIS (1200122)"
52,"CULTIVOS AGRICOLAS II (1200045)"
51,"QUIMICA ORGANICA  I (1200548)"
51,"CLIMATOLOGIA (1200015)"
50,"FISICA I (1200011)"
49,"METROLOGIA"
49,"BIOQUIMICA (1200187)"
48,"QUIMICA ANALITICA (1200006)"
48,"PESQUISA OPERACIONAL"
48,"GEOLOGIA APLICADA A ENGENHARIA"
48,"FUNDAMENTOS DE CIENCIAS DOS MATERIAIS"
47,"MECANICA DOS SOLOS (1200130)"
47,"MATERIAIS DE CONSTRUCAO II"
46,"INFORMATICA BASICA (1200004)"
46,"FITOPATOLOGIA  II (1200033)"
46,"CONSTRUCOES RURAIS (1200024)"
45,"MEDICINA DE FAMILIA E COMUNIDADE E O PLANEJAMENTO EM SAÚDE"
45,"INTELIGENCIA ARTIFICIAL"
45,"HORTICULTURA (1200034)"
44,"ALGORITMOS E PROGRAMACAO I"
43,"GEOLOGIA E MINERALOGIA (1200014)"
42,"QUIMICA ORGANICA (1200746)"
41,"ZOOTECNIA GERAL (1200020)"
41,"ZOOLOGIA (1200002)"
41,"CALCULO NUMERICO"
41,"BOVINOCULTURA"
40,"MEDICINA DE FAMILIA E COMUNIDADE EM UM TERRITORIO CHAMADO SUS"
40,"FERRAMENTAS DA MEDICINA DE FAMILIA E PRATICAS INTEGRATIVAS"
40,"BASES MORFOFISIOFARMACOLOGICAS I"
39,"SISTEMAS OPERACIONAIS"
39,"MANEJO E GESTAO AMBIENTAL (1200017)"
39,"ANALISE E PROJETO DE SISTEMAS"
38,"TERMODINAMICA PARA ENGENHARIA QUIMICA"
38,"SISTEMAS DE ABASTECIMENTO DE AGUA"
38,"SANEAMENTO"
38,"RESISTENCIA DOS MATERIAIS I (1200556)"
38,"REDES DE COMPUTADORES"
38,"POS-COLHEITA DE FRUTOS E HORTALICAS (1200032)"
38,"MATEMATICA DISCRETA"
38,"INTRODUCAO AO CURSO/ETICA E O PROCESSO DO CUIDAR NOS DIFERENTES CONTEXTOS SOCIAIS"
38,"GEOPROCESSAMENTO"
38,"ENGENHARIA DE SOFTWARE"
38,"COMERCIALIZACAO DE PRODUTOS AGROPECUARIOS"
37,"ONDAS E TERMODINAMICA (1200539)"
37,"INSTALACOES HIDROSSANITARIAS"
37,"INSTALACOES ELETRICAS (1200343)"
37,"ESTRUTURAS DE ACO"
37,"CLINICA MEDICA DE PEQUENOS ANIMAIS"
36,"TECNOLOGIA AGROINDUSTRIAL (1200046)"
36,"ORGANIZACAO E ARQUITETURA DE COMPUTADORES"
36,"MICROBIOLOGIA GERAL (1200186)"
36,"MATERIAIS DE CONSTRUCAO MECANICA I"
36,"LABORATORIO DE QUIMICA ORGANICA"
36,"IMUNOLOGIA (1200086)"
36,"GESTAO DE PROJETOS"
36,"FUNDAMENTOS DE ANALISE QUIMICA"
36,"FORRAGICULTURA I"
36,"ELETRICIDADE BASICA"
36,"ECONOMIA RURAL"
36,"AGROECOLOGIA (1200035)"
36,"AGRICULTURA GERAL (1200028)"
35,"MECANICA DAS ESTRUTURAS II"
35,"MAQUINAS DE FLUXO (1200404)"
35,"CULTIVOS AGRICOLAS (1200125)"
34,"TECNOLOGIA DOS PRODUTOS DE ORIGEM ANIMAL"
34,"MECANICA DOS SOLOS II"
34,"LABORATORIO DE ELETRICIDADE BASICA"
34,"FUNDAMENTOS DE MATEMATICA (1200470)"
34,"FISICO-QUIMICA"
34,"BASES MORFOFISIOFARMACOLOGICAS II"
34,"ANALISE DE ALGORITMOS"
33,"TERMODINAMICA APLICADA"
33,"LABORATORIO DE ELETRICIDADE E MAGNETISMO (1200544)"
33,"GESTAO DA TECNOLOGIA DA INFORMACAO"
33,"FISIOLOGIA ANIMAL II (1200090)"
33,"FISICA II"
33,"ANATOMIA E MORFOLOGIA VEGETAL (1200699)"
32,"RECUPERACAO DE AREAS DEGRADADAS"
32,"MICROBIOLOGIA GERAL"
32,"GENETICA (1104031)"
32,"ESTRADAS"
32,"ESTAGIO SUPERVISIONADO I"
31,"SISTEMAS DE IRRIGACAO"
31,"LABORATORIO DE QUIMICA ORGANICA (1200749)"
31,"LABORATORIO DE ANALISE QUIMICA"
31,"GESTAO E EMPREENDEDORISMO"
31,"FUNDACOES E ESTRUTURAS DE CONTENCAO"
31,"ESTAGIO SUPERVISIONADO II"
31,"ENGENHARIA DOS TRANSPORTES"
31,"COMUNICACAO E EXTENSAO RURAL"
30,"TOPOGRAFIA"
30,"TEORIA ELETROMAGNETICA"
30,"TEORIA DA COMPUTACAO"
30,"SOCIOLOGIA DAS ORGANIZACOES (1200458)"
30,"PROCESSOS DE FABRICACAO  I"
30,"OVINOCAPRINOCULTURA"
30,"MECANICA DAS ESTRUTURAS"
30,"ESTUDO DIRIGIDO"
30,"AUTOMACAO DA PRODUCAO (1200793)"
29,"TECNICA CIRURGICA (1200102)"
29,"SILVICULTURA (1200038)"
29,"RESISTENCIA DOS MATERIAIS II"
29,"PRINCIPIOS DE PROCESSOS QUIMICOS"
29,"MELHORAMENTO ANIMAL I (1200051)"
29,"LABORATORIO DE QUIMICA APLICADA A ENGENHARIA (1200542)"
29,"LABORATORIO DE ENGENHARIA QUIMICA I"
29,"BIOTECNOLOGIA VEGETAL (1200013)"
29,"BASES MORFOFISIOFARMACOLOGICAS III"
28,"VIGILANCIA EM SAÚDE E SEMIOLOGIA INTEGRADA"
28,"TECNOLOGIA MECANICA"
28,"MICROPROCESSADORES E MICROCONTROLADORES"
28,"LABORATORIO DE CIRCUITOS ELETRONICOS"
28,"HISTOLOGIA E EMBRIOLOGIA (1108002)"
28,"FISIOLOGIA ANIMAL I (1200085)"
28,"ENGENHARIA DA QUALIDADE  I (1200767)"
28,"ANIMAIS SILVESTRES (1200118)"
27,"PROJETO E DESENVOLVIMENTO DO PRODUTO (1200791)"
27,"PROGRAMACAO DE COMPUTADORES (1200258)"
27,"PATOLOGIA E REABILITACAO DAS CONSTRUCOES"
27,"MECANICA GERAL II (1200547)"
27,"ESTRUTURAS DE CONCRETO ARMADO I"
27,"ECONOMIA POLITICA"
26,"QUIMICA INORGANICA I"
26,"ORCAMENTO, PLANEJAMENTO E CONTROLE DE OBRAS"
26,"LABORATORIO DE ONDAS E TERMODINAMICA (1200540)"
26,"LABORATORIO DE ENGENHARIA QUIMICA III"
26,"ENGENHARIA PARA AQUICULTURA"
25,"PRINCIPIOS DE ENGENHARIA DE SOFTWARE"
25,"O SER HUMANO E SEUS AGRESSORES"
25,"NUTRICAO DE MONOGASTRICOS"
25,"LIBRAS"
25,"INTRODUCAO EAD"
25,"INTRODUCAO AOS ESTUDOS LINGUISTICOS I"
25,"INTRODUCAO A COMPUTACAO"
25,"HIDROLOGIA"
25,"DIREITO EMPRESARIAL (1200759)"
25,"CULTIVO AGRICOLAS III (1200048)"
24,"TOXICOLOGIA VETERINARIA (1108036)"
24,"SALINIZACAO E DRENAGEM (1200036)"
24,"RELACAO AGUA-SOLO-PLANTA-ATMOSFERA (1200022)"
24,"QUIMICA E FERTILIDADE DO SOLO (1200021)"
24,"PLANEJAMENTO E CONTROLE DE OPERACOES II"
24,"ESTRUTURAS DE CONCRETO ARMADO II"
24,"BIOTECNOLOGIA ANIMAL"
24,"BIOLOGIA CELULAR (1200663)"
23,"TEORIA DA LITERATURA I"
23,"PRODUCAO DO CONHECIMENTO"
23,"PLANEJAMENTO E CONTROLE DE OPERACOES I"
23,"METODOLOGIA CIENTIFICA"
23,"MANUTENCAO INDUSTRIAL"
23,"LIMNOLOGIA (1200190)"
23,"INTRODUCAO À ALGEBRA LINEAR"
23,"INSTALACOES ELETRICAS"
23,"FUNDAMENTOS DE ENGENHARIA DE PRODUCAO"
23,"FONTES ALTERNATIVAS DE ENERGIA"
23,"DESENVOLVIMENTO ECONOMICO E POLITICA AGRICOLA"
23,"ALGORITMOS E ESTRUTURAS DE DADOS I"
22,"SISTEMAS DIGITAIS"
22,"PROGRAMACAO WEB"
22,"PROGRAMACAO DE COMPUTADORES"
22,"METODOLOGIA DA PESQUISA CIENTIFICA"
22,"MECANICA DOS FLUIDOS"
22,"LEGISLACAO SOCIAL E TRABALHISTA (1200479)"
22,"GESTAO DA MANUTENCAO E CONFIABILIDADE (1200777)"
22,"ESTRATEGIA COMPETITIVA DAS ORGANIZACOES"
22,"ECOLOGIA"
22,"CLINICA CIRURGICA DE PEQUENOS ANIMAIS"
22,"BIOTECNOLOGIA DA REPRODUCAO"
22,"ARQUITETURA E ORGANIZ.DE COMPUTADORES (1200508)"
21,"TECNOLOGIA DO PESCADO II (1200204)"
21,"QUIMICA ORGANICA"
21,"PRATICA DE ENSINO III: OBJETOS DIGITAIS DE EDUCACAO EM COMPUTACAO"
21,"PATOLOGIA GERAL (1200089)"
21,"MECANICA DOS FLUIDOS (1200124)"
21,"HISTOLOGIA VETERINARIA (1200084)"
21,"GEOMETRIA EUCLIDIANA I"
21,"GEOMETRIA ANALITICA"
21,"FUNDAMENTOS DE ECONOMIA (1200449)"
21,"FORRAGICULTURA I (1200087)"
21,"EZOOGNOSE E JULGAMENTO ANIMAL"
21,"EQUIDEOCULTURA"
21,"CALCULO II"
21,"BANCO DE DADOS"
21,"AQUICULTURA"
21,"ANALISE E EXPRESSAO TEXTUAL"
21,"AMBIENTE, TECNOLOGIA E SOCIEDADE"
20,"TERAPEUTICA VETERINARIA (1200093)"
20,"SISTEMAS HIDROPNEUMATICOS"
20,"QUIMICA APLICADA A ENGENHARIA (1200541)"
20,"PRATICA DE ENSINO I: EDUCACAO EM COMPUTACAO"
20,"PLANCTOLOGIA (1200197)"
20,"PAVIMENTACAO"
20,"OVINOCULTURA"
20,"NAVEGACAO  II (1200529)"
20,"LOGICA E MATEMATICA DISCRETA"
20,"LABORATORIO DE SISTEMAS DIGITAIS"
20,"GESTAO DE OPERACOES EM SERVICOS"
20,"GENESE, MORFOLOGIA E CLASS. DO SOLO (1200019)"
20,"FUNDAMENTOS DE CIENCIA DOS MATERIAIS"
20,"FUNDAMENTOS DA ANTROPOLOGIA E DA SOCIOLOGIA"
20,"EXTENSAO PESQUEIRA E DA AQUICULTURA (1200216)"
20,"ENTOMOLOGIA E PARASITOLOGIA VEGETAL (1200678)"
20,"EMPREENDEDORISMO (1200213)"
20,"BIOESTATISTICA (1200667)"
20,"ANESTESIOLOGIA (1200094)"
20,"ALGORITMOS E ESTRUTURAS DE DADOS II"
19,"TECNOLOGIA DAS EDIFICACOES"
19,"TECNOLOGIA DA PESCA II (1200531)"
19,"SEGURANCA COMPUTACIONAL"
19,"RELACAO AGUA-SOLO-PLANTA-ATMOSFERA"
19,"PSICOLOGIA MEDICA E COMUNICACAO"
19,"PROGRAMACAO ORIENTADA A OBJETO (1200505)"
19,"NUTRICAO DOS RUMINANTES"
19,"MANEJO SANITARIO DE ORG.AQUATICOS (1200530)"
19,"MANEJO E GESTAO AMBIENTAL"
19,"MANEJO DE PLANTAS DANINHAS (1200745)"
19,"MANEJO DE BACIAS HIDROGRAFICAS"
19,"LINGUAGEM DE PROGRAMACAO I"
19,"LABORATORIO DE ENGENHARIA QUIMICA II"
19,"INTRODUCAO A ZOOTECNIA (1200330)"
19,"INTRODUCAO A ENGENHARIA DO PETROLEO"
19,"INTRODUCAO A AGRONOMIA (1200316)"
19,"INSTRUMENTACAO E CONTROLE"
19,"FORRAGICULTURA II (1200062)"
19,"FISIOECOL. DE ORGAN. AQUATICOS"
19,"ENGENHARIA ECONOMICA E FINANCAS"
19,"ENGENHARIA DE METODOS E PROCESSOS (1200770)"
19,"ECOLOGIA DE CAMPO (1200731)"
19,"CONTROLE ANALOGICO"
19,"CLASSIFICACAO E TIPIFICACAO DE CARCACA (1200058)"
19,"CIRCUITOS ELETRONICOS"
19,"CIRCUITOS DIGITAIS (1200259)"
19,"BUBALINOCULTURA"
19,"BOTANICA AQUATICA (1200191)"
19,"BIOSEGURANCA E ETICA EM BIOTECNOLOGIA"
19,"BIOINFORMATICA"
19,"BIOETICA E MEDICINA LEGAL (1200119)"
19,"ANATOMIA E FISIOLOGIA COMPARADA DOS ANIMAIS DOMESTICOS (1200001)"
18,"ZOOLOGIA  DE  INVERTEBRADOS (1200698)"
18,"ZOOLOGIA AQUATICA (1200189)"
18,"VIVEIROS FLORESTAIS"
18,"TECNOLOGIA DO PESCADO I (1200202)"
18,"TECNOLOGIA DA PESCA  I (1200194)"
18,"SUINOCULTURA"
18,"SISTEMAS MULTIMIDIA"
18,"SEMIOLOGIA VETERINARIA"
18,"SEMINARIOS DE PESQUISA"
18,"RESISTENCIA DOS MATERIAIS II (1200399)"
18,"REDES DE COMPUTADORES II"
18,"REDES DE COMPUTADORES I"
18,"QUIMICA E FERTILIDADE DO SOLO"
18,"PSICOLOGIA E EDUCACAO"
18,"PSICOLOGIA DA EDUCACAO"
18,"PROJETO INTEGRADO DE SISTEMAS DE PRODUCAO"
18,"PRODUCAO DE AVES E SUINOS (1200041)"
18,"PESCA INDUSTRIAL (1200566)"
18,"PATOLOGIA VETERINARIA (1200096)"
18,"NUTRICAO DE RUMINANTES"
18,"NAVEGACAO  I (1200528)"
18,"MITILICULTURA"
18,"MICROBIOLOGIA VETERINARIA (1108016)"
18,"MICROBIOLOGIA AMBIENTAL"
18,"METODOLOGIA DA PESQUISA"
18,"METODOLOGIA  CIENTIFICA (1200474)"
18,"MELHORAMENTO VEGETAL (1200012)"
18,"MECANICA APLICADA AS MAQUINAS"
18,"MATERIAIS DE CONSTRUCAO MECANICA II"
18,"MATEMATICA BASICA"
18,"MAQUINAS E MOTORES UTILIZADOS NA PESCA E AQUICULTURA (1200203)"
18,"MALACOLOGIA (1200621)"
18,"LOGISTICA E GESTAO DE REDES DE SUPRIMENTOS I"
18,"LOGISTICA (1200488)"
18,"LABORATORIO DE ALGORITMOS"
18,"INTRODUCAO A ENGENHARIA  DE PESCA (1200188)"
18,"INTRODUCAO  A  ECOLOGIA (1200697)"
18,"INTRODUCAO  A CIENCIA DO DIREITO I"
18,"INSTRUMENTACAO AGRICOLA"
18,"HISTORIA E EDUCACAO"
18,"GINECOLOGIA E OBSTETRICIA VETERINARIA"
18,"GEOPROCESSAMENTO (1200065)"
18,"FISIOPATOLOGIA DA REPRODUCAO (1200100)"
18,"ESTATISTICA NAO-PARAMETRICA"
18,"DIREITO TRIBUTARIO"
18,"DIREITO CIVIL - PARTE GERAL"
18,"COMUNICACAO E EXTENSAO RURAL (1200044)"
18,"COMPUTACAO PARALELA"
18,"CLINICA MEDICA DE RUMINANTES"
18,"CLINICA CIRURGIA DE GRANDES ANIMAIS"
18,"CLIMATOLOGIA E METEOROLOGIA (1200701)"
18,"CIENCIA POLITICA"
18,"CAPTACAO E UTILIZACAO DE ENERGIA EOLICA"
18,"BOVINOCULTURA DE LEITE"
18,"BOVINOCULTURA DE CORTE"
18,"BIOTECNOLOGIA DE RESIDUOS"
18,"BIOTECNOLOGIA (1200206)"
18,"BIORREATORES E BIOFABRICAS"
18,"BIOLOGIA MOLECULAR (1200671)"
18,"BANCO DE DADOS I"
18,"AVICULTURA (1107035)"
18,"AVICULTURA"
18,"ANALISE DE ALIMENTOS"
18,"ALGORITMOS E PROGRAMACAO III"
18,"ADMINISTRACAO RURAL"
17,"ZOOLOGIA (1200743)"
17,"TRABALHO DE CONCLUSAO DE CURSO I (1200604)"
17,"TOPICOS ESPECIAIS"
17,"TEORIA ECONOMICA (1200219)"
17,"TEORIA DA COMPUTACAO (1200515)"
17,"SISTEMAS ELETRICOS"
17,"SAÚDE & CICLOS DE VIDA I"
17,"REPRODUCAO ANIMAL E INSEM. ARTIFICIAL (1200161)"
17,"PSICOLOGIA JURIDICA"
17,"PLANEJAMENTO,PROGRAMACAO E CONTROLE DA PRODUCAO (1200771)"
17,"OSTREICULTURA (1200565)"
17,"MICROBIOLOGIA PARA ECOLOGOS (1200705)"
17,"INTRODUCAO A  COMPUTACAO (1200256)"
17,"GEOPROCESSAMENTO APLICADO A  ECOLOGIA (1200714)"
17,"GEOLOGIA"
17,"FISIOLOGIA ANIMAL"
17,"FILOSOFIA E EDUCACAO (1206067)"
17,"ESTAGIO SUPERVISIONADO III"
17,"ELABORACAO DE PROJETOS DE PESCA E AQUICULTURA (1200217)"
17,"ECOLOGIA  QUANTITATIVA  I (1200711)"
17,"ECOLOGIA DE POPULACOES"
17,"ECOLOGIA COMPORTAMENTAL"
17,"ECOFISIOLOGIA  ANIMAL (1200708)"
17,"DIREITO AMBIENTAL"
17,"DIAGNOSTICO POR IMAGEM (1200103)"
17,"CONTROLE DIGITAL"
17,"CONSTRUCAO DE MAQUINAS"
17,"COMPUTACAO GRAFICA"
17,"COMPORTAMENTO E BEM ESTAR ANIMAL (1200082)"
17,"COMPORTAMENTO E BEM ESTAR ANIMAL"
17,"CAPRINOCULTURA"
17,"BIOGEOGRAFIA"
17,"BIOFISICA  AMBIENTAL (1200712)"
17,"BIOFISICA (1108004)"
17,"BIOCLIMATOLOGIA ANIMAL (1200164)"
17,"AQUICULTURA GERAL"
17,"ANALISE DE CUSTOS"
16,"TRANSPORTADORES  INDUSTRIAIS E MAQUINAS DE ELEVACAO"
16,"TRABALHO DE CONCLUSAO DE CURSO II"
16,"TOPICOS ESPECIAIS EM ENGENHARIA CIVIL NA AREA DE ESTRUTURAS"
16,"TOPICOS EM INFORMATICA (1200471)"
16,"TEORIA GERAL DO PROCESSO"
16,"TECNICAS DE CONSERVACAO E USO EFICIENTE DE ENERGIA"
16,"SISTEMAS DE TRANSMISSAO E DISTRIBUICAO DE ENERGIA ELETRICA"
16,"SAÚDE NA PRATICA COMUNITARIA II"
16,"SAÚDE NA PRATICA COMUNITARIA I"
16,"SANEAMENTO AMBIENTAL"
16,"QUIMICA ORGANICA II (1200553)"
16,"QUIMICA ORGANICA II"
16,"QUIMICA BASICA (1200747)"
16,"PRODUCAO DE HORTALICAS II"
16,"PRATICA DE ENSINO V: ENSINO-APRENDIZAGEM DE COMPUTACAO"
16,"PARASITOLOGIA E MICROBIOLOGIA MOLECULAR"
16,"OPERACOES UNITARIAS I"
16,"METODOLOGIA AVANCADA PARA ADMINISTRACAO"
16,"MERCADO FINANCEIRO"
16,"MATEMATICA FINANCEIRA (1200226)"
16,"MANEJO E CONSERVACAO DA FAUNA"
16,"MANEJO DE BACIAS HIDROGRAFICAS (1200068)"
16,"LABORATORIO DE QUIMICA  BASICA (1200748)"
16,"INTRODUCAO AS EQUACOES DIFERENCIAIS ORDINARIAS"
16,"INTRODUCAO A ENGENHARIA FLORESTAL"
16,"INTRODUCAO A BIOTECNOLOGIA (1200664)"
16,"INTELIGENCIA DE NEGOCIOS"
16,"ICTIOLOGIA (1200327)"
16,"HIDROLOGIA  E  RECURSOS  HIDRICOS (1200713)"
16,"GESTAO DE PROJETOS II"
16,"GESTAO DE PESSOAS II"
16,"GEOMORFOLOGIA  E  PEDOLOGIA (1200717)"
16,"FUNDAMENTOS DE CALCULO"
16,"FISICA I"
16,"FILOSOFIA GERAL E JURIDICA"
16,"FILOSOFIA E EDUCACAO"
16,"ENGENHARIA DO PETROLEO I"
16,"ENGENHARIA DA QUALIDADE II"
16,"ELETRICIDADE BASICA (1200341)"
16,"ELEMENTOS DE MAQUINAS II (1200409)"
16,"ECONOMIA BRASILEIRA (1200491)"
16,"ECOLOGIA MOLECULAR (1200702)"
16,"ECOLOGIA HUMANA"
16,"ECOLOGIA EVOLUTIVA (1200706)"
16,"DIREITO CONSTITUCIONAL I"
16,"CONVERSAO ELETROM. DE ENERGIA I"
16,"CONTABILIDADE INTRODUTORIA (1200623)"
16,"CONTABILIDADE DE CUSTOS"
16,"CARTOGRAFIA  AMBIENTAL (1200703)"
16,"BIOTECNOLOGIA AMBIENTAL"
16,"BIOMASSA E BIOCOMBUSTIVEIS"
16,"ANALISE DE SISTEMAS DE ENERGIA"
16,"ALGORITMOS"
16,"AGROECOLOGIA"
16,"ADMINISTRACAO FINANCEIRA II (1200490)"
15,"VIBRACOES MECANICA"
15,"TRATAMENTO DE EFLUENTES INDUSTRIAIS"
15,"TRANSFERENCIA DE CALOR E MASSA"
15,"TEORIA DA LITERATURA II"
15,"TECNOLOGIAS DIGITAIS EM ESPACOS ESCOLARES (1206162)"
15,"SUBESTACOES DE ENERGIA ELETRICA"
15,"REATORES I"
15,"PROTECAO DE SISTEMAS DE ENERGIA"
15,"PRODUCAO DE HORTALICAS I"
15,"PRATICA DE ENSINO II - POLITICAS, ESTRUTURA E GESTAO DA EDUCACAO BASICA"
15,"PERICIA CONTABIL E ARBITRAGEM"
15,"OTICA E FISICA MODERNA"
15,"OPERACOES UNITARIAS II"
15,"METODOLOGIA DA PESQUISA JURIDICA"
15,"MELHORAMENTO ANIMAL II (1200168)"
15,"MEIO AMBIENTE E SAÚDE PÚBLICA"
15,"INTRODUCAO A LOGICA (1200257)"
15,"INTRODUCAO A ENG.AGRIC.AMBIENTAL (1200318)"
15,"INTRODUCAO À COMPUTACAO E AOS SISTEMAS DE INFORMACAO"
15,"INTERACAO HOMEM-COMPUTADOR"
15,"INFORMATICA BASICA"
15,"HIDRAULICA"
15,"GESTAO DA SUSTENTABILIDADE"
15,"GESTAO DA PRODUCAO NA CONSTRUCAO CIVIL"
15,"GESTAO DA APREDIZAGEM ORGANIZACIONAL E DA INOVACAO"
15,"GEOMETRIA I"
15,"GEOMETRIA ANALITICA E ALGEBRA LINEAR"
15,"FUNDAMENTOS DE BANCO DE DADOS"
15,"ERGONOMIA"
15,"ENTOMOLOGIA FLORESTAL"
15,"ENGENHARIA DE POCO I"
15,"ECOSSISTEMAS TERRESTRES"
15,"ECOLOGIA NUMERICA"
15,"ECOLOGIA DE REGIOES SEMI-ARIDAS"
15,"ECOLOGIA DE COMUNIDADES"
15,"DESENHO DE MAQUINAS E INSTALACOES"
15,"CONTABILIDADE INTERMEDIARIA II"
15,"CLINICA MEDICA DE EQUIDEOS"
15,"BIOQUIMICA PARA BIOTECNOLOGIA (1200812)"
15,"BIOQUIMICA DE ALIMENTOS (1200679)"
15,"BIOLOGIA  DA  CONSERVACAO (1200726)"
15,"BIODIVERSIDADE DA CAATINGA"
14,"TOPICOS ESPECIAIS II"
14,"SUINOCULTURA (1107038)"
14,"SOCIOLOGIA E EDUCACAO (1206155)"
14,"REATORES II"
14,"PATOLOGIA FLORESTAL"
14,"NÚMEROS, CONJUNTOS E FUNCOES ELEMENTARES"
14,"MODELAGEM PROBABILISTICA E SIMULACAO DE SISTEMAS DE PRODUCAO"
14,"MODELAGEM E SIMULACAO DE PROCESSOS"
14,"MECANISMOS"
14,"MARCOS LEGAIS EM BIOTECNOLOGIA E PATENTES"
14,"LOGISTICA E GESTAO DE REDES DE SUPRIMENTOS II"
14,"LINGUISTICA"
14,"LEG.AMBIENTAL APL.A PESCA E AQUICULTURA (1200193)"
14,"INTRODUCAO AS FUNCOES DE VARIAS VARIAVEIS"
14,"GESTAO DE PESSOAS  I (1200482)"
14,"FLUIDOS DE PERFURACAO E COMPLETACAO"
14,"ESTUDOS DE IMPACTO AMBIENTAL"
14,"ERGONOMIA (1200295)"
14,"ENGENHARIA BIOQUIMICA"
14,"ECOLOGIA FLORESTAL"
14,"DIREITO PENAL IV"
14,"DIREITO EMPRESARIAL I"
14,"DIREITO AMBIENTAL (1200075)"
14,"CONTABILIDADE AMBIENTAL E RESPONSABILIDADE SOCIAL"
14,"COMPILADORES"
14,"CELULAS A COMBUSTIVEL"
14,"BIOTECNOLOGIA VEGETAL"
14,"AVALIACAO DE FORMACOES"
14,"AUDITORIA AMBIENTAL E ECOLOGICA"
14,"ARITMETICA I"
14,"ALIMENTOS, AMBIENTE E SOCIEDADE"
13,"TRANSFERENCIA DE CALOR (1200401)"
13,"TOPICOS ESPECIAIS EM ENGENHARIA DE PRODUCAO"
13,"TERMODINAMICA PARA ENGENHARIA QUIMICA II"
13,"TEORIA DOS NÚMEROS"
13,"SOCIOLOGIA JURIDICA"
13,"SISTEMAS DE ESGOTO E DRENAGEM URBANA"
13,"SEMENTES FLORESTAIS"
13,"SAÚDE & CICLOS DE VIDA II"
13,"SALINIZACAO E DRENAGEM"
13,"RESOLUCAO DE PROBLEMAS"
13,"PROJETO E ADMINISTRACAO DE BANCO DE DADOS"
13,"PROJETO DE PROCESSOS"
13,"PROCESSOS QUIMICOS INDUSTRIAIS"
13,"PROCESSAMENTO DE PETROLEO"
13,"PLANEJAMENTO DE PROJETOS BIOTECNOLOGICOS"
13,"PATOLOGIA CLINICA (1200095)"
13,"OPERACOES UNITARIAS III"
13,"OBRAS EM TERRA (1200132)"
13,"NANOBIOTECNOLOGIA"
13,"MICROBIOLOGIA AGRICOLA"
13,"MATEMATICA DISCRETA (1200780)"
13,"MAQUINAS TERMICAS II"
13,"MAQUINAS TERMICAS I"
13,"MAQUINAS ELETRICAS"
13,"MANEJO E GERENC.DE REC.PESQUEIROS (1200563)"
13,"LINGUA INGLESA I"
13,"LABORATORIO DE ELETRONICA DE POTENCIA"
13,"INTRODUCAO A MEDICINA VETERINARIA (1200317)"
13,"INTRODUCAO À LINGUA BRASILEIRA DE SINAIS (LIBRAS)"
13,"INTRODUCAO A ANALISE REAL"
13,"HISTORIA DA MATEMATICA"
13,"GEOQUIMICA AMBIENTAL"
13,"GENESE, MORFOLOGIA E CLASSIFICACAO DO SOLO"
13,"FRUTICULTURA (1104036)"
13,"FARMACOLOGIA GERAL (1200091)"
13,"ESTRUTURA DE DADOS I"
13,"ESTAGIO CURRICULAR SUPERVISIONADO I - COMUNIDADE"
13,"ENGENHARIA DE PROCESSOS"
13,"ENGENHARIA DE POCO II"
13,"ELEMENTOS DE MAQUINAS I (1200406)"
13,"EDUCACAO AMBIENTAL E ECOTURISMO"
13,"ECOLOGIA QUANTITATIVA II (1200718)"
13,"ECOLOGIA  MARINHA (1200729)"
13,"ECOLOGIA (1200052)"
13,"ECOFISIOLOGIA  VEGETAL (1200707)"
13,"DIREITO CONSTITUCIONAL II"
13,"DIDATICA"
13,"DESENHO MECANICO"
13,"DENDROLOGIA"
13,"CONTROLADORIA EMPRESARIAL"
13,"CIRCUITOS DIGITAIS"
13,"AVALIACAO E PERICIAS"
13,"AUDITORIA I"
13,"ALGORITMOS E PROGRAMACAO II"
13,"ADMINISTRACAO FINANCEIRA I (1200762)"
12,"TRATAMENTO DE RESIDUOS DA INDUSTRIA DO PETROLEO"
12,"TOPICOS ESPECIAIS: INFORMATICA NA AGRICULTURA"
12,"SISTEMAS OPERACIONAIS (1200513)"
12,"SILVICULTURA DE FLORESTAS NATIVAS E IMPLANTADAS"
12,"SECAGEM E PRESERVACAO DA MADEIRA"
12,"PROJETO INTEGRADO DE CONSTRUCOES RURAIS"
12,"PRATICA DE ENSINO II: POLITICAS, ESTRUTURA E GESTAO DE EDUCACAO BASICA"
12,"POLITICA E LEGISLACAO FLORESTAL"
12,"PESQUISA OPERACIONAL  I (1200278)"
12,"ORCAMENTO PUBLICO (1200801)"
12,"METODO DE ELEVACAO ARTIFICIAL"
12,"MELHORAMENTO FLORESTAL"
12,"MATERIAIS ELETRICOS E MAGNETICOS (1200558)"
12,"MANEJO E CONTROLE DA SALINIDADE NA AGRICULTURA"
12,"MANEJO DE AREAS NATURAIS PROTEGIDAS"
12,"LINGUAGENS FORMAIS E AUTOMATOS"
12,"LINGUAGEM DE PROGRAMACAO II"
12,"INTRODUCAO A COMPUTACAO E SISTEMAS DE INFORMACAO"
12,"INCENDIOS FLORESTAIS"
12,"HISTOLOGIA E EMBRIOLOGIA ANIMAL (1200668)"
12,"GESTAO DE SISTEMAS DE INFORMACAO"
12,"GESTAO DE PROJETOS (1200788)"
12,"GESTAO AMBIENTAL E RESPONSABILIDADE SOCIAL (1200660)"
12,"GEOLOGIA DO PETROLEO"
12,"GEOLOGIA APLICADA A ENGENHARIA (1200123)"
12,"FISIOLOGIA VEGETAL"
12,"ETICA PROFISSIONAL E BIOETICA NA EXPERIMENTACAO ANIMAL"
12,"ESTRUTURA DE DADOS E PROGRAMACAO"
12,"ESTAGIO SUPERVISIONADO (1200856)"
12,"ESTAGIO SUPERVISIONADO"
12,"ESCOAMENTO MULTIFASICO DO PETROLEO"
12,"EDUCACAO ESPECIAL E INCLUSAO (1206025)"
12,"ECOLOGIA DA RESTAURACAO"
12,"DIREITO PENAL III"
12,"DIREITO ADMINISTRATIVO I"
12,"CULTURA CELULAR BASICA"
12,"CONV. ELETROM. DE ENERGIA II"
12,"CONTABILIDADE PUBLICA"
12,"COLHEITA E TRANSPORTE FLORESTAL"
12,"CIRCUITOS ELETRICOS"
12,"CALCULO I"
12,"BIOQUIMICA EXPERIMENTAL"
12,"AUTOMACAO E CONTROLE"
12,"ASPECTOS PSICOLOGICOS DO TRABALHO"
12,"ARQUITETURA E ORGANIZACAO DE COMPUTADORES"
12,"ADMINISTRACAO DA PRODUCAO  I (1200477)"
11,"TRANSFERENCIA DE CALOR"
11,"TEORIA GERAL DOS SISTEMAS"
11,"TEORIA DA CONTABILIDADE"
11,"SISTEMAS DISTRIBUIDOS"
11,"SISTEMAS DE IRRIGACAO (1200029)"
11,"SISTEMAS DE APOIO A DECISAO"
11,"REFINO DO PETROLEO E PROCESSAMENTO DE GAS NATURAL"
11,"QUALIDADE DE SOFTWARE"
11,"PROPRIEDADES DOS FLUIDOS E DAS ROCHAS"
11,"PROCESSOS DE FABRICACAO II"
11,"POLUICAO E IMPACTO AMBIENTAL (1200147)"
11,"PLANEJAMENTO E ADMINISTRACAO FLORESTAL"
11,"NORMALIZACAO E CERTIFICACAO DE QUALIDADE"
11,"LOGISTICA DA INDUSTRIA DO PETROLEO"
11,"LIDERANCA E COMPORTAMENTO HUMANO"
11,"LABORATORIO DE ALGORITMOS E ESTRUTURAS DE DADOS I"
11,"INTRODUCAO AS FUNCOES DE VARIAVEIS COMPLEXA"
11,"INTRODUCAO A EAD"
11,"INTRODUCAO A CIENCIA DO DIREITO II"
11,"INDUSTRIALIZACAO DE PRODUTOS FLORESTAIS"
11,"IMPACTO AMBIENTAL DA INDÚSTRIA DO PETROLEO"
11,"GENETICA"
11,"ESTRUTURA DE DADOS II"
11,"ESTRATEGIA EM GESTAO DE PESSOAS"
11,"ESTATISTICA EXPERIMENTAL I"
11,"ESTATISTICA APLICADA A COMPUTACAO"
11,"ESTAGIO SUPERVISIONADO IV"
11,"ENZIMOLOGIA E TECNOLOGIA DA FERMENTACAO"
11,"ENGENHARIA DE RESERVATORIO II"
11,"ECONOMIA DA PESCA E AQUICULTURA (1200207)"
11,"ECOLOGIA DA PAISAGEM"
11,"DIREITO DAS OBRIGACOES"
11,"DIREITO DA FAMILIA"
11,"DENDROMETRIA"
11,"CORROSAO"
11,"CONTABILIDADE AVANCADA"
11,"CLIMATOLOGIA"
11,"CARCINICULTURA (1200214)"
11,"BIOTECNOLOGIA DE FARMACOS II"
11,"BIOTECNOLOGIA DE FARMACOS I"
11,"BIOTECNOLOGIA DE ALIMENTOS"
11,"AUDITORIA E SEGURANCA DOS SISTEMAS DE INFORMACAO"
11,"ALVENARIA ESTRUTURAL"
11,"ADMINISTRACAO DA PRODUCAO II (1200486)"
10,"UTILIZACAO DE RESIDUOS SOLIDOS E LIQUIDOS NA AGRICULTURA"
10,"USINAGEM"
10,"TOPICOS CONTEMPORANEOS EM CONTABILIDADE (1200804)"
10,"TECNOLOGIA E SOCIEDADE"
10,"TECNOLOGIA DA SOLDAGEM"
10,"TECNOLOGIA DAS EDIFICACOES I"
10,"TECNICAS E ANALISE DE OPERACOES DE PERFILAGEM"
10,"SISTEMAS LINEARES"
10,"SISTEMAS INTELIGENTES"
10,"SINAIS E SISTEMAS"
10,"RESPONSABILIDADE CIVIL"
10,"PSICOLOGIA E EDUCACAO (1206112)"
10,"PROCESSAMENTO DIGITAL DE IMAGENS"
10,"PRATICA CONTABIL III"
10,"PORTUGUES INSTRUMENTAL"
10,"OCEANOGRAFIA (1200199)"
10,"NOCOES DE CONTABILIDADE ATUARIAL"
10,"MODELAGEM DE CUSTOS, PRECOS E LUCROS PARA TOMADA DE DECISAO"
10,"MECANIZACAO AGRICOLA (1102013)"
10,"MAQUINAS E IMPLEMENTOS AGRICOLAS"
10,"MANEJO DE FAUNA SILVESTRE"
10,"LABORATORIO DE MICROPROCESSADORES E MICROCONTROLADORES"
10,"INVENTARIO FLORESTAL"
10,"INTRODUCAO À ALGEBRA ABSTRATA"
10,"INSTALACOES ELETRICAS INDUSTRIAIS"
10,"HISTORIA DO DIREITO"
10,"HIGIENE E SAUDE PUBLICA"
10,"GESTAO DA INFORMACAO (1200493)"
10,"GERENCIAMENTO E MONITORACAO DE RESERVATORIOS"
10,"GERACAO E UTILIZACAO DE VAPOR"
10,"FUNDAMENTOS DE ADMINISTRACAO E EMPREENDEDORISMO"
10,"FUNDAMENTOS DE ADMINISTRACAO (1200450)"
10,"FISICA DO SOLO (1105725)"
10,"FISICA DO SOLO"
10,"FERRAMENTAS DE COMUNICACAO E MARCOS LEGAIS NOS CICLOS VITAIS II"
10,"FERRAMENTAS DE COMUNICACAO E MARCOS LEGAIS NOS CICLOS VITAIS I"
10,"ESTRUTURA PARA EDIFICACOES RURAIS (1200136)"
10,"ESTRADAS I"
10,"ESTAGIO CURRICULAR SUPERVISIONADO V - SEMINARIO DE DOCENCIA - TCC"
10,"ESTAGIO CURRICULAR SUPERVISIONADO III - GESTAO E DOCENCIA"
10,"ESTAGIO CURRICULAR SUPERVISIONADO III - ENSINO-APRENDIZAGEM DE MATEMATICA III"
10,"EPIDEMIOLOGIA"
10,"ENGENHARIA GENETICA (1200814)"
10,"ENGENHARIA DO GAS NATURAL (1200379)"
10,"ENGENHARIA DE RESERVATORIO I"
10,"ENGENHARIA DA QUALIDADE II (1200772)"
10,"ELABORACAO DE PROJETO DE PESQUISA"
10,"ECOTOXICOLOGIA"
10,"ECONOMIA FLORESTAL"
10,"DIREITOS HUMANOS FUNDAMENTAIS"
10,"DIREITO PENAL II"
10,"DIREITO DO TRABALHO I"
10,"DIREITO AGRARIO"
10,"DIREITO ADMINISTRATIVO II"
10,"CULTIVOS CONSORCIADOS"
10,"CONTABILIDADE E PLANEJAMENTO TRIBUTARIO"
10,"BANCO DE DADOS II"
10,"ANATOMIA DOS ANIMAIS DOMESTICOS I (1200080)"
10,"ANALISE DE CIRCUITOS ELETRICOS I"
10,"AMBIENCIAS EM INSTALACOES AGRICOLAS (1200451)"
9,"VIBRACOES MECANICAS"
9,"TEORIA DOS GRAFOS"
9,"TEORIA DAS ORGANIZACOES"
9,"TECNOLOGIA E DES. DE IMUNOBIOLOGICOS"
9,"SISTEMAS OPERACIONAIS  (1200276)"
9,"SISTEMAS INTELIGENTES (1206156)"
9,"SISTEMAS DE ENERGIA"
9,"REDES DE COMPUTADORES (1106509)"
9,"RECURSOS COMPUTACIONAIS NO ENSINO DE MATEMATICA"
9,"QUIMICA GERAL I"
9,"PSICOLOGIA: INDIVIDUO, TRABALHO E ORGANIZACOES"
9,"PSICOLOGIA (1200231)"
9,"PROPRIEDADES FISICAS DE PRODUTOS AGRICOLAS"
9,"PROGRAMACAO PARA INTERNET"
9,"PROCESSOS E REQUISITOS DE SOFTWARE"
9,"PRATICA DE ENSINO I - LABORATORIO DE ENSINO  APRENDIZAGEM DE MATEMATICA"
9,"PISCICULTURA"
9,"OPTICA E FISICA MODERNA"
9,"MOTORES E TRATORES AGRICOLAS"
9,"MOTORES DE COMBUSTAO"
9,"METODOS EM BIOTECNOLOGIA"
9,"MECANIZACAO AGRICOLA (1200148)"
9,"MECANISMOS E ELEMENTOS DE MAQUINAS"
9,"MECANICA DOS SOLOS I (1102012)"
9,"MATERIAIS E TECNICAS DE CONSTRUCAO (1200138)"
9,"MATEMATICA PARA GESTAO"
9,"MATEMATICA FINANCEIRA"
9,"MAQUINAS E MECANIZACAO AGRICOLA"
9,"MAQUINAS DE FLUXO"
9,"MANEJO E CONSERVACAO DE AREAS SILVESTRES"
9,"LABORATORIO DE PROCESSOS DE FABRICACAO"
9,"LABORATORIO DE CIRCUITOS ELETRICOS"
9,"INTRODUCAO A INDUSTRIA DO GAS NATURAL"
9,"INTRODUCAO A ADMINISTRACAO (1200218)"
9,"IMUNOLOGIA BASICA E APLICADA (1200675)"
9,"HISTORIA DO PENSAMENTO CONTABIL"
9,"GESTAO DE RESIDUOS, SUSTENTABILIDADE E CONVIVENCIA COM O SEMIARIDO"
9,"GEOMETRIA EUCLIDIANA II"
9,"GENOMICA E PROTEOMICA"
9,"FRUTICULTURA TROPICAL II"
9,"FRUTICULTURA  II (1200527)"
9,"ETICA E CIDADANIA"
9,"ESTRADAS II"
9,"ELETRONICA DE POTENCIA (1200368)"
9,"ELETRONICA DE POTENCIA"
9,"DRENAGEM AGRICOLA"
9,"DIREITO PROCESSUAL CIVIL IV"
9,"DIREITO INTERNACIONAL PRIVADO"
9,"DIREITO ADMINISTRATIVO (1200475)"
9,"DIDATICA I"
9,"CULTURAS POTENCIAIS PARA O SEMI-ARIDO II"
9,"CULTURAS POTENCIAIS PARA O SEMI-ARIDO I"
9,"CONTABILIDADE APLICADA AS ENTIDADES DE INTERESSE SOCIAL"
9,"CONFORTO AMBIENTAL E AMBIENCIA PARA EDIFICACOES AGRICOLAS"
9,"CITOLOGIA (1200081)"
9,"CIRCUITOS ELETRICOS I"
9,"CAPTACAO E UTILIZACAO DE ENERGIA SOLAR"
9,"CALCULO III"
9,"CADEIAS INTERORGANIZACIONAIS"
9,"AUDITORIA II"
9,"ARBORIZACAO E PAISAGISMO"
9,"ANATOMIA DOS ANIMAIS DOMESTICOS II (1200083)"
9,"ANALISE E EXPRESSAO TEXTUAIS"
9,"AGROSSILVICULTURA"
9,"AGROMETEOROLOGIA"
8,"TRATAMENTO DE RESIDUOS SOLIDOS, LIQUIDOS E GASOSOS"
8,"TRATAMENTO DE RESIDUOS"
8,"TOPICOS ESPECIAIS I"
8,"TOPICOS ESPECIAIS EM ENGENHARIA CIVIL NA AREA DE SANEAMENTO"
8,"TOPICOS ESPECIAIS EM ENGENHARIA CIVIL NA AREA DE GEOTECNIA"
8,"TOPICOS ESPECIAIS EM ENGENHARIA CIVIL NA AREA DE CONSTRUCOES"
8,"TEORIA DAS ORGANIZACOES (1200473)"
8,"TECNOLOGIA, INSPECAO E CONTROLE DE QUALIDADE DO PESCADO"
8,"TECNOLOGIA DOS PRODUTOS FLORESTAIS NAO MADEIREIROS"
8,"SOCIOLOGIA RURAL"
8,"SOCIOLOGIA DAS ORGANIZACOES E DA EMPRESA"
8,"SISTEMAS INTEGRADOS DE GESTAO (1200792)"
8,"SISTEMAS DE CONTROLE MULTIVARIAVEIS"
8,"SEMINARIOS"
8,"SEMINARIO INTEGRADOR  I (1200567)"
8,"REFRIGERACAO E AR CONDICIONADO"
8,"PROJETO DE ARQUITETURA I"
8,"PROG. E MANEJO DA IRRIGACAO"
8,"PRATICA DE ENSINO V - DIDATICA DA MATEMATICA"
8,"PRATICA DE ENSINO III  OBJETOS DIGITAIS DE EDUCACAO"
8,"POS-COLHEITA DE FRUTOS E HORTALICAS"
8,"POLITICAS, ESTRUTURA E GESTAO DA EDUCACAO"
8,"PLANEJAMENTO AMBIENTAL"
8,"PESQUISA II"
8,"PESQUISA I"
8,"ORGANIZACAO ESCOLAR E METODOS DE TRABALHO PEDAGOGICO I"
8,"ORGANIZACAO ESCOLAR E METODO DE TRABALHO PEDAGOGICO III"
8,"OFICINA DE LEITURA E PRODUCAO DE TEXTOS II"
8,"OFICINA DE LEITURA E PRODUCAO DE TEXTOS I (1200602)"
8,"OBRAS EM TERRA"
8,"MODELAGEM PROBALISTICA E SIMULACAO DE SISTEMAS DE PRODUCAP"
8,"MODELAGEM MULTICRITERIO DE APOIO A DECISAO"
8,"METODOS DE IRRIGACAO"
8,"MEDIDAS EL. E INSTRUMENTACAO"
8,"MECANICA GERAL II"
8,"MATERIAIS DE CONSTRUCAO MECANICA"
8,"MANEJO FLORESTAL"
8,"MANEJO E SUSTENTABILIDADE DE BACIAS HIDROGRAFICAS"
8,"LINGUA INGLESA II"
8,"INICIACAO À ESCRITA ACADEMICA"
8,"HIDRAULICA APLICADA"
8,"GESTAO DE TECNOLOGIA DE INFORMACAO"
8,"GESTAO DA INFOMACAO E GESTAO DOS SISTEMAS DE INFORMACAO"
8,"GESTAO DA APRENDIZAGEM ORGANIZACIONAL E DA INOVACAO"
8,"GESTAO AMBIENTAL E RESPONSABILIDADE SOCIAL"
8,"GESTAO AMBIENTAL"
8,"FUNDAMENTOS SOCIO-ANTROPOLOGICOS DA EDUCACAO"
8,"FUNDAMENTOS DE MODELAGEM ECONOMICO-FINANCEIRA"
8,"FUNDAMENTOS DE MARKETING"
8,"FUNDAMENTOS DE FILOSOFIA"
8,"FUNDAMENTOS DA EDUCACAO DE SURDOS"
8,"FUNDAMENTO DE GESTAO DE PESSOAS"
8,"ESTRUTURAS DO CONCRETO ARMADO I"
8,"ESTRUTURA DE CONCRETO ARMADO II"
8,"ESTETICA E HISTORIA DAS ARTES I"
8,"ESTATISTICA APLICADA À ADMINISTRACAO"
8,"ESTATISTICA APLICADA"
8,"ESTAGIO CURRICULAR SUPERVISIONADO II - EJA"
8,"ELETRONICA ANALOGICA"
8,"ELEMENTOS DE MAQUINA I"
8,"ECOLOGIA DE RESERVATORIOS"
8,"ECOLOGIA  DA  POLUICAO (1200733)"
8,"DIREITO PROCESSUAL CIVIL III"
8,"DIREITO PENAL I"
8,"DIREITO DO PETROLEO E GAS NATURAL"
8,"DESENVOLVIMENTO DE JOGOS"
8,"CORPORALIDADE E ESCRITA"
8,"CONTROLE QUIMICO DE DOENCAS DE PLANTAS"
8,"CONSTRUCOES RURAIS"
8,"CIRCUITOS ELETRICOS II"
8,"BIORREMEDIACAO"
8,"AVALIACAO DE RECURSOS PESQUEIROS (1200211)"
8,"ARMAZENAMENTO DE PRODUTOS AGRICOLAS"
8,"APRENDIZAGEM NO AMBIENTE VIRTUAL DE APRENDIZAGEM MOODLE"
8,"ANESTESIOLOGIA"
8,"ANALISE MACROECONOMICA"
8,"ANALISE E AVALIACAO DE ALIMENTOS"
8,"ANALISE DE CIRCUITOS ELETRICOS II"
8,"ANALISE COMBINATORIA E PROBABILIDADE"
8,"ADMINISTRACAO FINANCEIRA II"
8,"ADMINISTRACAO DA PRODUCAO E OPERACOES I"
7,"TRABALHO DE CONCLUSAO DE CURSO"
7,"TOPICOS ESPECIAIS EM MICROONDAS"
7,"TECNOLOGIA DAS EDIFICACOES II"
7,"SISTEMAS DE TRANSMISSAO DE DADOS"
7,"SISTEMAS DE CONTROLE II"
7,"SISTEMAS DE CONTROLE I"
7,"SEMINARIO DE PESQUISA I"
7,"SEMINARIO DE PESQUISA E EXTENSAO I"
7,"SEMINARIO DE INTRODUCAO AO CURSO DE ARQUITETURA E URBANISMO"
7,"SEMINARIO DE INTRODUCAO AO CURSO"
7,"SANEAMENTO RURAL"
7,"SALINIZACAO DE AREAS IRRIGADAS"
7,"REALIDADE BRASILEIRA I"
7,"QUIMICA DA MADEIRA"
7,"QUIMICA AMBIENTAL"
7,"PROGRAMACAO CONCORRENTE E DISTRIBUIDA"
7,"PROCESSAMENTO DIGITAL DE SINAIS"
7,"PROCESSAMENTO DE MATERIAIS POR PLASMA"
7,"PRINCIPIOS DE TELECOMUNICACOES"
7,"PRATICAS PEDAGOGICA I"
7,"POLITICA EDUCACIONAL I"
7,"PARADIGMAS DE PROGRAMACAO"
7,"ORGANIZACAO ESCOLAR E METODO DE TRABALHO PEDAGOGICO II"
7,"ORCAMENTO EMPRESARIAL (1200654)"
7,"OPERACOES AGROINDUSTRIAIS II (1200150)"
7,"MODELO E SIMULACAO DA PRODUCAO (1200796)"
7,"MODELAGEM DE SISTEMAS DINAMICOS"
7,"METODOS DE ORGANIZACAO E EDUCACAO COMUNITARIA I"
7,"METODOLOGIA DE PESQUISA E REDACAO CIENTIFICA"
7,"MECANICA DAS ESTRUTURAS I"
7,"MANEJO E CONSERVACAO DO SOLO"
7,"LOGISTICA E GESTAO NA REDE DE SUPRIMENTOS II"
7,"LOGISTICA E GESTAO DA CADEIA DE SUPRIMENTOS"
7,"LINGUA INGLESA III"
7,"LIBRAS - ESTUDOS INTERMEDIARIOS II"
7,"LIBRAS (1206096)"
7,"LEITURA E PRODUCAO DE TEXTOS EM LIBRAS"
7,"LABORATORIO DE QUIMICA APLICADA À ENGENHARIA"
7,"LABORATORIO DE MATEMATICA APLICADA"
7,"LABORATORIO DE INSTALACOES ELETRICAS"
7,"LAB. DE MED. EL. E INSTRUMENTACAO"
7,"INTRODUCAO AO ESTUDO DA HISTORIA"
7,"INTRODUCAO AO ESTUDO DA GEOGRAFIA"
7,"INDICADORES DE SUSTENTABILIDADE AMBIENTAL (1200452)"
7,"INDICADORES DE SUST. AMBIENTAL"
7,"GESTAO E OTIMIZACAO DA PRODUCAO (1200790)"
7,"GESTAO DE PROJETOS I"
7,"GESTAO DA CADEIA DE SUPRIMENTOS"
7,"GENETICA PARA BIOTECNOLOGIA (1200666)"
7,"GENETICA  E  EVOLUCAO (1200700)"
7,"GENESE, MORFOLOGIA E CLASSIFICACAO DE SOLOS"
7,"FUNDAMENTOS DE MODELAGEM COMPUTACIONAL"
7,"FUNDAMENTOS DE FILOSOFIA (1200754)"
7,"FRUTICULTURA TROPICAL I"
7,"FONETICA E FONOLOGIA DA LINGUA INGLESA I"
7,"EVAPOTRANSPIRACAO"
7,"ESTUDOS ORIENTADOS II"
7,"ESTUDOS ORIENTADOS I"
7,"ESTUDOS DE GENERO, RACA E ETNIA"
7,"ESTRUTURA E FUNCIONAMENTO DA EDUCACAO BASICA"
7,"ESCRITA DE SINAIS II"
7,"ESCRITA DE SINAIS I"
7,"ENG. DE SISTEMAS AGRICOLAS E AMBIENTAIS"
7,"EMPREENDEDORISMO"
7,"EDUCACAO INCLUSIVA"
7,"EDUCACAO DE JOVENS E ADULTOS"
7,"ECOLOGIA E BIODIVERSIDADE"
7,"DRENAGEM"
7,"DOENCAS INFECCIOSAS DOS ANIMAIS DOMESTICOS"
7,"DIREITO URBANISTICO"
7,"DIREITO PROCESSUAL PENAL II"
7,"DIREITO PROCESSUAL PENAL I"
7,"DIREITO PROCESSUAL CIVIL II"
7,"DIREITO PROCESSUAL CIVIL I"
7,"DIREITO INTERNACIONAL PUBLICO"
7,"DIREITO E BIOETICA"
7,"DIREITO DOS CONTRATOS"
7,"DIREITO DIGITAL"
7,"DIREITO DAS COISAS"
7,"DINAMICA DE GRUPO NAS ORGANIZACOES"
7,"CIRCUITOS ELETRONICOS I"
7,"AVALIACAO E PERICIAS RURAIS"
7,"ARBITRAGEM E MEDIACAO"
7,"APICULTURA E SERICICULTURA (1200061)"
7,"APICULTURA"
7,"ANTENAS"
7,"ANALISE MICROECONOMICA"
7,"ADMINISTRACAO FINANCEIRA"
7,"ADMINISTRACAO DA PRODUCAO E OPERACOES II"
6,"TRATAMENTO DE AGUA E ESGOTO"
6,"TOPICOS ESPECIAIS EM ENGENHARIA MECANICA NA AREA DE MATERIAIS E PROCESSOS DE FABRICACAO"
6,"TEORIA GERAL DA ADMINISTRACAO"
6,"TECNOLOGIAS DIGITAIS EM ESPACOS ESCOLARES"
6,"TECNOLOGIA AGROINDUSTRIAL"
6,"TECNICAS AVANCADAS DE MANIPULACAO EMBRIONARIA"
6,"SOFTWARE LIVRE"
6,"SOCIOLOGIA PARA O ENSINO MEDIO"
6,"SOCIOLOGIA E EDUCACAO"
6,"SOCIOLOGIA"
6,"SEMINARIO INTEGRADOR IV"
6,"REDES DE COMPUTADORES (1200279)"
6,"RECURSOS HIDRICOS"
6,"REALIDADE BRASILEIRA II"
6,"PROJETO DE INSTALACOES PREDIAIS"
6,"PRATICA PEDAGOGICA EM LIBRAS COMO L2"
6,"PRATICA DE ENSINO VI: ENSINO-APRENDIZAGEM DE COMPUTACAO II"
6,"PRATICA DE ENSINO VI- EDUCACAO ESPECIAL E INCLUSAO"
6,"PRATICA CONTABIL II"
6,"PRATICA CONTABIL I"
6,"POLUICAO E IMPACTO AMBIENTAL"
6,"POLUICAO AMBIENTAL"
6,"PLANEJAMENTO, PROGRAMACAO E CONTROLE DA PRODUCAO"
6,"PESQUISA III"
6,"PESQUISA E DESENVOLVIMENTO DE NOVOS PRODUTOS DA PESCA E AQÜICULTURA"
6,"ORNITOPATOLOGIA"
6,"ORGANIZACOES, TECNOLOGIA E SOCIEDADE"
6,"OPERACOES AGROINDUSTRIAIS I (1200144)"
6,"ONCOLOGIA"
6,"OLERICULTURA E PLANTAS MEDICINAIS"
6,"NUTRICAO AVICOLA"
6,"MOTORES E TRATORES AGRICOLAS (1200139)"
6,"MOBILE LEARNING"
6,"METODOS DE ORGANIZACAO E EDUCACAO COMUNITARIA III"
6,"METODOS DE ORGANIZACAO E EDUCACAO COMUNITARIA II"
6,"METODOS DE MELHORAMENTO DE PLANTAS"
6,"METODOLOGIA DO ENSINO DE HISTORIA"
6,"METODOLOGIA DO ENSINO DE GEOGRAFIA"
6,"MECANISMOS E ELEMENTOS DE MAQUINAS (1200135)"
6,"MATERIA ORGANICA DO SOLO"
6,"MATERIAIS ELETRICOS E MAGNETICOS"
6,"MATEMATICA APLICADA À COMPUTACAO I"
6,"MARKETING  I (1200466)"
6,"MAQUINAS E IMPLEMENTOS AGRICOLAS (1200140)"
6,"MANEJO INTEGRADO DE PRAGAS"
6,"LINGUA INGLESA V"
6,"LIBRAS - ESTUDOS AVANCADOS"
6,"LEITURA E PRODUCAO DE TEXTOS ACADEMICOS"
6,"LABORATORIO DE PROGRAMACAO"
6,"INTRODUCAO AO ESTUDO DA QUIMICA"
6,"INTRODUCAO A FISICA"
6,"INSTRUMENTACAO"
6,"INSTITUICOES DE DIREITO PÚBLICO"
6,"INSTITUICOES DE DIREITO PRIVADO"
6,"INOVACOES E ALTERNATIVAS EM REPRODUCAO ANIMAL ASSISTIDA"
6,"HISTORIA E CULTURA SURDAS"
6,"GESTAO EMPRESARIAL (1200210)"
6,"GESTAO DE RESIDUOS SOLIDOS"
6,"GESTAO DE PROJETOS  I"
6,"GESTAO DA QUALIDADE (1200502)"
6,"GESTAO DA INOVACAO"
6,"GERENCIA DE PROJETOS"
6,"FUNDAMENTOS DA MODELAGEM ECONOMICO-FINANCEIRA"
6,"FUNDAMENTOS DA MATEMATICA I"
6,"FISICO-QUIMICA DE POLIMEROS"
6,"FINANCAS CORPORATIVAS"
6,"ESTUDO E AVALIACAO DE IMPACTOS AMBIENTAIS"
6,"ESTRUTURAS PLANARES DE MICROONDAS"
6,"ESTRUTURA DE MADEIRA"
6,"ESTATISTICA EXPERIMENTAL II"
6,"ESTAGIO CURRICULAR SUPERVISIONADO IV - GESTAO E DOCENCIA"
6,"ESTAGIO CURRICULAR SUPERVISIONADO I - ENSINO-APRENDIZAGEM DE MATEMATICA I"
6,"ENGENHARIA DE SOFTWARES EDUCACIONAIS"
6,"ELEMENTOS DE MAQUINA II"
6,"DIREITO DO COMERCIO INTERNACIONAL"
6,"DIREITO DAS RELACOES DE CONSUMO"
6,"CUNICULTURA"
6,"CONTABILOMETRIA"
6,"CONTABILIDADE INTERMEDIARIA I (1200624)"
6,"CONTABILIDADE IMOBILIARIA"
6,"CONSERVACAO DA BIODIVERSIDADE"
6,"CONFORMACAO MECANICA"
6,"AVANCOS NO DIAGNOSTICO E TRATAMENTO DE ENFERMIDADES NUT. E METABOLICAS DE ANIMAIS DE PRODUCAO"
6,"AS CIENCIAS COGNITIVAS: AUTOPOIESE, ENACAO E EXPERIENCIA"
6,"ANATOMIA DOS ANIMAIS DOMESTICOS (1200054)"
6,"ANALISE DAS DEMONSTRACOES CONTABEIS"
6,"ALFABETIZACAO E LETRAMENTO NA EDUCACAO DO CAMPO"
6,"ADMINISTRACAO ESTRATEGICA EMPRESARIAL"
5,"TRATAMENTO DE AGUAS RESIDUARIAS"
5,"TOPICOS FUNDAMENTAIS DE MATEMATICA"
5,"TOPICOS ESPECIAIS - SISTEMAS DIGITAIS"
5,"TOPICOS ESPECIAIS EM SISTEMAS COMPUTACIONAIS I"
5,"TOPICOS ESPECIAIS EM MATERIAIS II"
5,"TOPICOS ESPECIAIS EM ENGENHARIA DE PETROLEO"
5,"TOPICOS EM ADMINISTRACAO (1200836)"
5,"TOPICOS AVANCADOS EM ENGENHARIA DA EPRODUCAO"
5,"TERMODINAMICA E MECANICA ESTATISTICA"
5,"TEORIA E PRATICA DE TRADUCAO"
5,"TECNOLOGIAS ALTERNATIVAS DE PRODUCAO"
5,"TECNICAS DE CONTROLE NAO LINEARES"
5,"TECNICAS AVANCADAS EM FORMULACOES DE RACOES"
5,"SOFTWARE BASICO"
5,"SISTEMAS URBANOS DE AGUAS, ESGOTOS E DRENAGEM"
5,"SISTEMAS EMBARCADOS"
5,"SISTEMAS AVANCADOS"
5,"SISTEMA DE GESTAO AMBIENTAL"
5,"SEMINARIOS E EDUCACAO CONTINUADA"
5,"SEMINARIO INTEGRADOR III"
5,"SEMINARIO INTEGRADOR II"
5,"REDACAO EM LINGUA INGLESA I"
5,"RECUPERACAO DE AREAS DEGRADADAS (1200070)"
5,"PROJETO DE ARQUITETURA II"
5,"PROCESSOS METALURGICOS DE FABRICACAO"
5,"PROCESSAMENTO DE MATERIAIS NAO METALICOS"
5,"PRINCIPIOS DE COMUNICACAO"
5,"PRATICA PEDAGOGICA EM LINGUA INGLESA II"
5,"PRATICA PEDAGOGICA EM LINGUA INGLESA I"
5,"PRATICA PEDAGOGICA EM LIBRAS COMO L1"
5,"PRATICA DE ENSINO IV: DIDATICA"
5,"PLANEJAMENTO E GESTAO DOS REC. HIDRICOS (1200072)"
5,"PESQUISA OPERACIONAL PARA GESTAO"
5,"PESQUISA OPERACIONAL II"
5,"PARASITOLOGIA ZOOTECNICA"
5,"PARASITOLOGIA ANIMAL (1200097)"
5,"NUTRICAO E ADUBACAO DE PLANTA"
5,"MODELAGEM MOLECULAR"
5,"MITIGACAO DE IMPACTOS AMBIENTAIS"
5,"MICROBIOLOGIA APLICADA A ENGENHARIA QUIMICA"
5,"METODOLOGIA DE ENSINO DE LINGUA INGLESA II"
5,"METODOLOGIA DE ENSINO DE LIBRAS COMO L2"
5,"METODOLOGIA DE ENSINO DE LIBRAS COMO L1"
5,"METODOLOGIA DE ENSINO DE CIENCIAS NATURAIS"
5,"METODOLOGIA DA PESQUISA EM ENSINO"
5,"METABOLISMO DE FRUTOS"
5,"MEDICINA LEGAL"
5,"MARKETING ESTRATEGICO"
5,"MANEJO E GESTAO DE BACIAS HIDROGRAFICAS"
5,"MANEJO ECOLOGICO DE DOENCAS DE PLANTAS"
5,"MANEJO DE DOENCAS"
5,"LOGISTICA E GESTAO DA REDE SUPRIMENTOS I"
5,"LOGICA MATEMATICA"
5,"LITERATURA BRASILEIRA"
5,"LINGUA INGLESA VI"
5,"LINGUAGEM DE PROGRAMACAO ORIENTADA A OBJETOS I"
5,"LIBRAS (1200585)"
5,"LEITURA DIRIGIDA"
5,"LEGISLACAO PREVIDENCIARIA E TRABALHISTA"
5,"LABORATORIO DE ALGORITMOS E ESTRUTURAS DE DADOS II"
5,"INTRODUCAO AO DIREITO AGRARIO E AMBIENTAL"
5,"INTRODUCAO A CONTABILIDADE"
5,"INSTRUMENTACOES MOLECULARES APLICADAS EM ESTUDOS VEGETAIS"
5,"INSTRUMENTACAO PARA O ENSINO DE QUIMICA"
5,"INSTRUMENTACAO E CONTROLE APLICADO AO PETROLEO"
5,"INSPECAO DE ALIMENTOS DE ORIGEM ANIMAL"
5,"INGLES PARA COMPUTACAO"
5,"INGLES INSTRUMENTAL"
5,"INFORMATICA BASICA (1206090)"
5,"HISTORIA, EDUCACAO E COMPUTACAO"
5,"HISTORIA E CULTURA AFRO-BRASILEIRA"
5,"HIGIENE ANIMAL (1200159)"
5,"GESTAO DE RECURSOS NATURAIS E ZONEAMENTO AMBIENTAL"
5,"GESTAO AMBIENTAL E DA QUALIDADE"
5,"GEOPROCESSAMENTO APLICADO AO MANEJO DE SOLO E AGUA"
5,"FORMULACOES E TECNOLOGIA DE RACOES (1200322)"
5,"FONETICA E FONOLOGIA DA LINGUA INGLESA II"
5,"FENOMENO DOS TRANSPORTES (1200293)"
5,"ETICA E LEGISLACAO PROFISSIONAL (1200646)"
5,"ESTETICA E HISTORIA DAS ARTES II"
5,"EPISTEMOLOGIA E METODOLOGIAS NA PESQUISA INTERDISCIPLINAR"
5,"ELABORACAO E ANALISE DE VIABILIDADE DE PROJETOS"
5,"DIREITO EMPRESARIAL II"
5,"DIREITO DO AGRONEGOCIO"
5,"DIREITO DAS SUCESSOES"
5,"DIREITO DA SEGURIDADE SOCIAL"
5,"DIAGNOSTICO ANATOMOPATOLOGICO DAS NEOPLASIAS DOS ANIMAIS DOMESTICOS"
5,"CONFORTO AMBIENTAL PARA EDIF. AGRICOLAS (1200145)"
5,"COGNICAO, TECNOLOGIAS E INSTITUICOES: ABORDAGENS INTERDISCIPLINARES"
5,"CLINICA MEDICA DE EQUINOS"
5,"CLINICA MEDICA DE BOVINOS E PEQUENOS RUMINANTES"
5,"CINOTECNIA"
5,"CIENCIA DOS MATERIAIS"
5,"CADEIAS AGROINDUSTRIAIS NO DESENVOLVIMENTO REGIONAL"
5,"BIOLOGIA DA INVASAO"
5,"BARRAGENS E OBRAS DE TERRA"
5,"AUTOMACAO NO AMBIENTE AGRICOLA"
5,"AUTOMACAO INDUSTRIAL"
5,"AUTOMACAO E CONTROLE DE PROCESSOS ENERGETICOS"
5,"AUTOMACAO E CONTROLE DE PROCESSO"
5,"ATIVIDADES EXPERIMENTAIS PARA O ENSINO MEDIO E FUNDAMENTAL"
5,"ARRANJOS PRODUTIVOS ORGANIZACIONAIS (1200765)"
5,"ANTENAS E PROPAGACAO"
5,"ANALISE DE SISTEMAS DE POTENCIA"
5,"ANALISE DE PROJETOS DE INVESTIMENTO"
5,"ALIM.E NUT.DE ORGANISMOS AQUATICOS (1200205)"
5,"ALIMENTOS E ALIMENTACAO DE RUMINANTES"
5,"ADMINISTRACAO FINANCEIRA I"
4,"USINAS GERADORAS DE ENERGIA I"
4,"TOPICOS ESPECIAIS VII"
4,"TOPICOS ESPECIAIS EM SEMINARIOS"
4,"TOPICOS ESPECIAIS EM ENGENHARIA DA PRODUCAO"
4,"TOPICOS AVANCADOS EM QUALIDADE DE CARNE"
4,"TOPICOS AVANCADOS EM ONCOLOGIA"
4,"TEORIA GERAL DA ADMINISTRACAO (1200221)"
4,"TECNOLOGIAS E EDUCACAO"
4,"TECNOLOGIA DA INFORMACAO E COMUNICACAO"
4,"SISTEMAS DE CONTROLE"
4,"SAÚDE PÚBLICA E SEMINARIOS DE POLITICAS PÚBLICAS DE SAÚDE E AO SISTEMA ÚNICO DE SAÚDE"
4,"RELACOES SOCIAIS NA ESFERA DA PRODUCAO E CENTRALIDADE DO TRABALHO"
4,"RECURSOS GENETICOS VEGETAIS"
4,"RECUPERACAO DE AREAS DEGRADADAS NO SEMIARIDO"
4,"QUIMICA APLICADA À ENGENHARIA"
4,"QUIMICA ANALITICA"
4,"PROPRIEDADE INTELECTUAL E TRANSFERENCIA DE TECNOLOGIA"
4,"PROJETO E DESIGN DE INTERFACES"
4,"PROJETO DETALHADO DE SOFTWARE"
4,"PROJETO DE PESQUISA"
4,"PROJETO DE FABRICA E INST.INDUSTRIAIS (1200798)"
4,"PROJETO DE ESTRUTURAS"
4,"PROGRAMA DE SAÚDE PARA AS POPULACOES DO CAMPO"
4,"PROGRAMACAO ORIENTADA A OBJETOS"
4,"PROCESSAMENTO DE MATERIAIS METALICOS"
4,"PRATICAS PEDAGOCICAS II"
4,"PRATICA DE ENSINO IV  DIDATICA"
4,"PLANEJAMENTO ESTRATEGICO E EDUCACAO SANITARIA"
4,"PATOLOGIA POS-COLHEITA DE FRUTOS E HORTALICAS"
4,"PATOLOGIA ANIMAL"
4,"ORGANIZACOES, TRABALHO E SUBJETIVIDADE (1200833)"
4,"OFICINA DE PLASTICA II"
4,"OFICINA DE PLASTICA I"
4,"MOVIMENTOS SOCIAIS NO BRASIL"
4,"METODOLOGIA DE ENSINO DE LINGUA INGLESA I"
4,"MEDIDAS ELETRICAS E INSTRUMENTACAO"
4,"MECANICA QUANTICA"
4,"MECANICA GERAL I"
4,"MANEJO DE INSETOS PRAGA"
4,"LITERATURA SURDA I"
4,"LIBRAS - ESTUDOS ACADEMICOS"
4,"LEGISLACAO E DEFESA FITOSSANITARIA"
4,"LEGISLACAO AMBIENTAL APLICADA A PESCA E AQUICULTURA (1200193)"
4,"INTRODUCAO À SOCIOLINGUISTICA"
4,"INTRODUCAO A PROTECAO DE PLANTAS"
4,"INTRODUCAO A ENGENHARIA DE PRODUCAO (1200455)"
4,"INTRODUCAO A ADMINISTRACAO"
4,"INSTRUMENTACAO PARA O ENSINO DE FISICA"
4,"INOVACOES TECNOLOGICAS APLICADAS À SUSTENTABILIDADE DE AMBIENTES MARINHOS E ESTUARINOS"
4,"IMUNOLOGIA DA INFLAMACAO"
4,"HISTORIA DAS EXPERIENCIAS DAS AGRICULTURAS"
4,"HISTORIA DA EDUCACAO DO CAMPO"
4,"GESTAO ESTRAT.E DESEMP.ORGANIZACIONAL (1200797)"
4,"GESTAO DO CONHECIMENTO ORGANIZACIONAL"
4,"GESTAO DE RECURSOS HIDRICOS DO SEMI-ARIDO"
4,"GESTAO DA UNIDADE FAMILIAR DE PRODUCAO"
4,"GESTAO AMBIENTAL E DE QUALIDADE"
4,"GEOQUIMICA AMBIENTAL (1200319)"
4,"GEOMETRIA EUCLIDIANA  II (1206081)"
4,"GENETICA DA CONSERVACAO"
4,"FUNDAMENTOS SOCIO-FILOSOFICOS DA EDUCACAO"
4,"FUNDAMENTOS DA MATEMATICA II"
4,"FISICO-QUIMICA I"
4,"FISICA NA EDUCACAO BASICA I"
4,"ETNOECOLOGIA E CONSERVACAO"
4,"ESTAGIO SUPERVISIONADO EM LINGUA INGLESA I"
4,"ESTAGIO SUPERVISIONADO EM LIBRAS COMO L1 II"
4,"ESTAGIO CURRICULAR SUPERVISIONADO II - ENSINO-APRENDIZAGEM DE MATEMATICA II"
4,"ESPACO E FORMA"
4,"EPIDEMIOLOGIA GERAL E LOCO-REGIONAL APLICADA"
4,"ENSINO DE LINGUAGENS NA ESCOLA"
4,"ENGENHARIA DA QUALIDADE"
4,"ENGENHARIA AMBIENTAL"
4,"EDUCACAO SOCIO-AMBIENTAL"
4,"EDUCACAO SANITARIA"
4,"EDUCACAO ESPECIAL E INCLUSAO"
4,"EDUCACAO DO CAMPO"
4,"EDUCACAO CORPO E ARTE"
4,"ECONOMIA SOLIDARIA E AGROECOLOGIA"
4,"ECONOMIA DOS RECURSOS NATURAIS (1200454)"
4,"ECOLOGIA SENSORIAL"
4,"ECOLOGIA E CONSERVACAO DE POPULACOES"
4,"ECOLOGIA E CONSERVACAO DE AVES"
4,"DIREITO ECONOMICO"
4,"DIREITO DO TRABALHO II"
4,"DESENVOLVIMENTO HUMANO E APRENDIZAGENS I"
4,"CONTABILIDADE GERENCIAL"
4,"CONTABILIDADE DO AGRONEGOCIO"
4,"COMUNICACOES SEM-FIO"
4,"BIOQUIMICA DOS FRUTOS"
4,"BIOLOGIA MOLECULAR"
4,"ANESTESIOLOGIA VETERINARIA"
4,"ANALISE MODERNA DE SISTEMAS DE ENERGIA"
4,"ANALISE DE SINAIS E SISTEMAS"
4,"ALIMENTOS E NUTRICAO DE MONOGASTRICOS"
4,"ACAROLOGIA E NEMATOLOGIA AGRICOLA"
3,"USO CORRETO E SEGURO DE AGROTOXICOS"
3,"USINAS GERADORAS DE ENERGIA"
3,"TOPICOS ESPECIAIS IV"
3,"TOPICOS ESPECIAIS EM SISTEMAS DE ENERGIA I - EFICIENCIA ENERGETICA"
3,"TOPICOS ESPECIAIS EM REDES E SISTEMAS DISTRIBUIDOS I"
3,"TOPICOS ESPECIAIS EM MATERIAIS I"
3,"TOPICOS ESPECIAIS EM IMUNOLOGIA APLICADA"
3,"TOPICOS ESPECIAIS EM ENGENHARIA MECANICA NA AREA DE SISTEMAS TERMICOS"
3,"TOPICOS ESPECIAIS EM COMUNICACAO I"
3,"TOPICOS DE MATEMATICA"
3,"TOPICOS AVANCADOS EM ENGENHARIA DA PRODUCAO"
3,"TOPICOS AVANCADOS EM CAPRINO-OVINOCULTURA"
3,"TOPICOS AVANCADOS EM ADMINISTRACAO"
3,"TESTE DE SOFTWARE"
3,"TEORIA ELEMENTAR DOS NUMEROS (1206166)"
3,"TEORIA E HISTORIA DA ARQUITETURA E DO URBANISMO I"
3,"TECNOLOGIA DE TENSOATIVOS"
3,"TECNICAS COMPUTACIONAIS APLICADAS A ENGENHARIA I"
3,"SISTEMAS DE INFORMACOES CONTABEIS"
3,"SISTEMAS DE GESTAO INTEGRADOS"
3,"SEMINARIOS LOCAIS DE FORMACAO 3A, 3B E 3C"
3,"SEMINARIOS LOCAIS DE FORMACAO 1A, 1B E 1C"
3,"SEMINARIOS EM ECOLOGIA"
3,"SEMINARIO DE PESQUISA II"
3,"SEMINARIO DE PESQUISA E EXTENSAO II"
3,"SEMINARIO DE PESQUISA"
3,"RESISTENCIA DOS MATERIAIS  I (1200338)"
3,"RESISTENCIA DOS MATERIAIS I"
3,"REDACAO EM LINGUA INGLESA II"
3,"QUIMICA GERAL II"
3,"PROJETO DE DESENVOLVIMENTO DO CAMPO"
3,"PROGRAMACAO WEB (1206139)"
3,"PRODUTOS NATURAIS E SAUDE"
3,"PRODUCAO E CLINICA PARASITARIA DE PEIXES"
3,"PRODUCAO AVICOLA"
3,"PROCESSAMENTO DIGITAL DE IMAGENS (1200286)"
3,"PROCESSAMENTO DE PETROLEO E GAS"
3,"PRATICAS NA BIOLOGIA EXPERIMENTAL"
3,"PRATICA PEDAGOGICA PROGRAMADA III"
3,"PRATICA PEDAGOGICA PROGRAMADA I"
3,"PLANEJAMENTO URBANO E AMBIENTAL"
3,"PLANEJAMENTO ESTRATEGICO"
3,"PLANEJAMENTO E ANALISE ESTATISTICA DE EXPERIMENTOS"
3,"PESQUISA APLICADA À LINGUA E LITERATURA"
3,"PALEOECOLOGIA"
3,"ONDAS E TERMODINAMICA (1206109)"
3,"OBTENCAO E CONSERVACAO DE GAMETAS DE ANIMAIS SILVESTRES"
3,"MULTI-MEIOS"
3,"MINERACAO DE DADOS"
3,"MICROPROC. E MICROCONTROLADORES (1200272)"
3,"METODOS FORMAIS DE ENGENHARIA DE SOFTWARE"
3,"METODOS FORMAIS"
3,"METODOS DE CARACTERIZACAO DE MATERIAIS"
3,"METODOS DE AVALIACAO DE PASTAGENS"
3,"METODOLOGIA DE ENSINO DE LITERATURA SURDA"
3,"METODOLOGIA DE ENSINO DAS LITERATURAS INGLESA E NORTE-AMERICANA"
3,"MELHORAMENTO GENETICO DE HORTALICAS"
3,"MECANICA CLASSICA"
3,"MATEMATICA PARA ARQUITETURA"
3,"MATEMATICA FINANCEIRA (1206107)"
3,"MARKETING PARA ENGENHARIA DE PRODUCAO"
3,"MANEJO DE PLANTAS DANINHAS"
3,"LITERATURA SURDA II"
3,"LITERATURA INGLESA II"
3,"LITERATURA INGLESA I"
3,"LINGUA LATINA I"
3,"LINGUA INGLESA IV"
3,"LIDERANCA (1200829)"
3,"LIDERANCA"
3,"LIBRAS - ESTUDOS INTERMEDIARIOS I"
3,"LABORATORIO DE MECANICA CLASSICA"
3,"LABORATORIO DE CIRCUITOS DIGITAIS"
3,"INTRODUCAO AOS ESTUDOS LINGUISTICOS II"
3,"INTRODUCAO AO PROJETO DE ARQUITETURA E URBANISMO"
3,"INTRODUCAO A GEOMETRIA DIFERENCIAL (1206088)"
3,"INTRODUCAO A FUNCAO DE VAR.VARIAVEIS (1206086)"
3,"INTRODUCAO A CONTABILIDADE (1200220)"
3,"INTRODUCAO A CIENCIAS DOS MATERIAIS"
3,"INTRODUCAO A ALGEBRA (1206089)"
3,"INTERFACE HOMEM - MAQUINA"
3,"INSTALACOES ELETRICAS I"
3,"HISTORIA DA MATEMATICA (1206085)"
3,"GESTAO DO CONHECIMENTO"
3,"GESTAO DE PROJETOS PÚBLICOS"
3,"GEOMETRIA EUCLIDIANA   I (1206080)"
3,"GEOMETRIA DESCRITIVA"
3,"GEOESTATISTICA APLICADA AOS RECURSOS HIDRICOS"
3,"GENETICA TOXICOLOGICA"
3,"GENETICA NA AGRICULTURA"
3,"FUNDAMENTOS DE LIBRAS"
3,"FUNDAMENTOS DE INFORMATICA"
3,"FISICA NO ENSINO FUNDAMENTAL EM UMA PERSPECTIVA MULTIDISCIPLINAR"
3,"FISICA E MEIO AMBIENTE"
3,"FISICA APLICADA À QUIMICA I"
3,"ETICA PROFISSIONAL"
3,"ESTATISTICA APLICADA A ECOLOGIA"
3,"ESTAGIO SUPERVISIONADO EM LINGUA INGLESA III"
3,"ESTAGIO SUPERVISIONADO EM LINGUA INGLESA II"
3,"ESTAGIO SUPERVISIONADO EM LIBRAS COMO L2 I"
3,"ESTAGIO SUPERVISIONADO ( 1200533 )"
3,"ENGENHARIA ECONOMICA E DE AVALIACOES"
3,"ENGENHARIA DE MICROONDAS"
3,"EMPREENDEDORISMO (1200501)"
3,"EMERGENCIA"
3,"ELETRICIDADE E MAGNETISMO (1206027)"
3,"EDUCACAO, TECNOLOGIAS E APRENDIZAGENS"
3,"ECOLOGIA QUANTITATIVA II"
3,"ECOLOGIA E CONSERVACAO DE COMUNIDADES"
3,"ECOLOGIA DE AGROECOSSISTEMAS"
3,"ECOLOGIA COGNITIVA E TECNOLOGIAS DA INTELIGENCIA"
3,"DOR: FISIOLOGIA E TRATAMENTO"
3,"DIREITO PROCESSUAL TRIBUTARIO"
3,"DIREITO DA CRIANCA, DO ADOLESCENTE E DO IDOSO"
3,"DINAMICA DE POPULACOES PESQUEIRAS (1200208)"
3,"DESENVOLVIMENTO HUMANO E APRENDIZAGENS II"
3,"DESENHO DE ARQUITETURA"
3,"DESENHO AUXILIADO POR COMPUTADOR II"
3,"DENDROMETRIA E INVENTARIO"
3,"CONVERSAO ELETROMECANICA DE ENERGIA"
3,"CONTABILIDADE GERENCIAL E DE CUSTOS"
3,"CONTABILIDADE GERAL APLICADA A ADMINISTRACAO (1200755)"
3,"CONTABILIDADE GERAL APLICADA À ADMINISTRACAO"
3,"CONSERVACAO DE BIODIVERSIDADE EM RESERVAS NATURAIS"
3,"CLINICA MEDICA E CIRÚRGICA DE GRANDES ANIMAIS"
3,"CLINICA CIRURGICA DE GRANDES  ANIMAIS"
3,"CERTIFICACAO FLORESTAL"
3,"CALCULO APLICADO À QUIMICA"
3,"BIOTECNOLOGIA DE BIOATIVOS NATURAIS"
3,"BIOQUIMICA APLICADA A PRODUCAO ANIMAL"
3,"BIOLOGIA E ECOFISIOLOGIA DE PLANTAS DANINHAS"
3,"BIOLOGIA DA CONSERVACAO"
3,"BIOLOGIA"
3,"BENS E SERVICOS DA CAATINGA"
3,"ARRANJOS PRODUTIVOS ORGANIZACIONAIS"
3,"ARQUITETURA DE INTERIORES I"
3,"ANALISE SENSORIAL DE ALIMENTOS DE ORIGEM ANIMAL"
3,"ANALISE REAL (1206003)"
3,"ANALISE DE SISTEMA DE POTENCIA (1200356)"
3,"ANALISE DE CRESCIMENTO DE PLANTAS"
3,"ALGEBRA LINEAR PARA LICENCIATURA"
3,"ADMINISTRACAO DE MARKETING DE SERVICOS"
2,"VIGILANCIA SANITARIA DE ALIMENTOS"
2,"VIGILANCIA EPIDEMIOLOGICA DAS DTAS"
2,"TOXICOLOGIA VETERINARIA"
2,"TOPICOS ESPECIAIS XI"
2,"TOPICOS ESPECIAIS VI"
2,"TOPICOS ESPECIAIS V"
2,"TOPICOS ESPECIAIS: USO SUSTENTAVEL DE AGUAS RESIDUARIAS NA AGRICULTURA"
2,"TOPICOS ESPECIAIS - SISTEMAS DE TRANSMISSAO DE DADOS"
2,"TOPICOS ESPECIAIS: MANEJO ECOLOGICO DO SOLO"
2,"TOPICOS ESPECIAIS III"
2,"TOPICOS ESPECIAIS EM SISTEMAS COMPUTACIONAIS II"
2,"TOPICOS ESPECIAIS EM MANEJO DE SOLO E AGUA I"
2,"TOPICOS ESPECIAIS EM LITERATURA I"
2,"TOPICOS ESPECIAIS EM ENGENHARIA DE SOFTWARE I"
2,"TOPICOS ESPECIAIS EM CONSTRUCAO CIVIL"
2,"TOPICOS EM MICROBIOLOGIA DE ALIMENTOS DE ORIGEM ANIMAL"
2,"TOPICOS EM GRAMATICA NORMATIVA"
2,"TERMODINAMICA APLICADA (1200396)"
2,"TECNOLOGIA DE PRODUTOS DE ORIGEM  ANIMAL"
2,"TECNICAS MORFOLOGICAS APLICADAS À PESQUISA EM CIENCIA ANIMAL"
2,"TECNICAS DE CARACTERIZACAO DE MATERIAIS"
2,"TECNICAS COMPUTACIONAIS APLICADAS A ENGENHARIA II"
2,"TECNICAS AVANCADAS NA AVALIACAO DA DOR EM ANIMAIS"
2,"SUPERVISAO E CONTROLE OPERACIONAL DE SISTEMAS"
2,"SOCIOLOGIA DA EDUCACAO"
2,"SISTEMAS DE TEMPO REAL"
2,"SISTEMAS DE PRODUCAO SUSTENTAVEL DE CAPRINOS"
2,"SISTEMAS DE INFORMACAO"
2,"SISTEMA S DA QUALIDADE: APLICACAO NOS SERVICOS"
2,"SIST. DE GESTAO, SAUDE E SEG.DO TRABALHO (1200768)"
2,"SINTESE E CARACTERIZACAO DOS MATERIAIS CERAMICOS NANOESTRUTURADOS"
2,"SEMINARIOS LOCAIS DE FORMACAO 2A, 2B E 2C"
2,"SAÚDE E ESPIRITUALIDADE"
2,"REDES SOCIOTECNICAS E INTERATIVIDADE DIGITAL"
2,"REDES NEURAIS ARTIFICIAIS (1106525)"
2,"RECURSOS ENERGETICOS FLORESTAIS"
2,"RECURSOS CLIMATICOS DO SEMIARIDO"
2,"PSICOLOGIA AMBIENTAL"
2,"PROPAGACAO DE FRUTIFERAS"
2,"PROJETOS EM GEOPROCESSAMENTO"
2,"PROJETO ESCOLAR AMBIENTAL COMUNITARIO"
2,"PROJETO DE CONCLUSAO DE CURSO I"
2,"PROJETO AGROINDUSTRIAL"
2,"PROGRAMACAO PARA ENGENHARIA ELETRICA"
2,"PROGRAMACAO E MANEJO DA IRRIGACAO"
2,"PROCESSO DE SOFTWARE"
2,"PRATICAS PEDAGOGICAS INTEGRATIVAS I"
2,"PRATICA PEDAGOGICA PROGRAMADA IV"
2,"PRATICA PEDAGOGICA PROGRAMADA II"
2,"PRATICA DE ENSINO VI-EPISTEMOLOGIA DA MATEMATICA"
2,"PRATICA DE ENSINO VI: ENSINO-APRENDIZAGEM DE COMPUTACAO"
2,"PRATICA DE ENSINO V-DIDATICA DA MATEMATICA"
2,"PRATICA DE ENSINO V - DIATICA (1206116)"
2,"PRATICA DE ENSINO I - LABORATORIO DE ENSINO - APRENDIZAGEM MATEMATICA"
2,"PRATICA DE ENSINO III-OBJETOS DIGITAIS DE EDUCACAO MATEMATICA"
2,"PRATICA DE ENS.IEDUCACAO EM COMPUTACAO (1206124)"
2,"POLITICA URBANA E REGIONAL"
2,"PLANEJAMENTO TRIBUTARIO OPERACIONALE ESTRATEGICO"
2,"PLANEJAMENTO E PROJETO URBANO E REGIONAL II"
2,"PLANEJAMENTO E PROJETO URBANO E REGIONAL I"
2,"PLANEJAMENTO E PROJETO DA PAISAGEM II"
2,"PLANEJAMENTO E PROJETO DA PAISAGEM I"
2,"PLANEJAMENTO DE EXPERIMENTOS"
2,"PLANEJAMENTO DE AREAS IRRIGADAS"
2,"PLANEJAMENTO DA PAISAGEM I"
2,"ORIENTACAO DE TRABALHO DE CONCLUSAO DE CURSO"
2,"OPERACAO E MANUTENCAO DE TRATORES"
2,"ONDAS E LINHAS"
2,"NUTRICAO E ADUBACAO DE PLANTAS"
2,"MULTIMIDIA"
2,"MULTILETRAMENTOS, NOVAS TECNOLOGIAS E ENSINO"
2,"MORFOFISIOLOGIA DA REPRODUCAO DOS MACHOS MAMIFERAS DOMESTICOS"
2,"MORFOFISIOLOGIA DA REPRODUCAO DAS FEMEAS MAMIFERAS DOMESTICAS"
2,"MORFOFISIOLOGIA DA REPRODUCAO"
2,"MODELAGEM E SIMULACAO DE CONTROLE"
2,"MICROBIOLOGIA (1206106)"
2,"METODOS QUALITATIVOS DE PESQUISA"
2,"METODOS E FERRAMENTAS DE ENGENHARIA DE SOFTWARE"
2,"METODOS DE PESQUISA APLIACADOS À GESTAO PÚBLICA"
2,"METODOS DE ESTATISTICA MULTIVARIADA APLICADOS A PRODUCAO AGRICOLA"
2,"METODOLOGIA QUANTITATIVA DE ANALISE DE DADOS"
2,"METODOLOGIA DO TRABALHO CIENTIFICO"
2,"METODOLOGIA DO ENSINO SUPERIOR"
2,"METODOLOGIA DA REDACAO CIENTIFICA"
2,"METODOLOGIA DA PESQUISA EM EDUCACAO"
2,"METODOLOGIA DA PESQUISA E COMUNICACAO CIENTIFICA"
2,"METAHEURISTICAS PARA OTIMIZACAO COMBINATORIA"
2,"MATEMATICA APLICADA A COMPUTACAO  I (1206100)"
2,"MARKETING DE SERVICOS"
2,"MARCOS NO DESENVOLVIMENTO DA FISICA"
2,"MANEJO LOCALIZADO DE AGUA E SOLO"
2,"LITERATURA NORTE-AMERICANA I"
2,"LINGUA LATINA II"
2,"LINGUAGENS DA ARQUITETURA"
2,"LINGUAGEM DE PROGRAMACAO    I (1206097)"
2,"LINGUAGEM, ALFABETIZACAO E LETRAMENTO"
2,"LEITURA E PRODUCAO DE TEXTOS"
2,"LEGISLACAO AMBIENTAL APLICADA AOS ESTUDOS DE IMPACTO AMBIENTAL"
2,"LABORATORIO DE MEDIDAS ELETRICAS E INSTRUMENTACAO"
2,"INVASAO BIOLOGICA EM ECOSSISTEMAS AQUATICOS CONTINENTAIS"
2,"INTRODUCAO ÀS LITERATURAS AFRICANAS"
2,"INTRODUCAO AO DESENHO"
2,"INTRODUCAO À LINGUISTICA APLICADA"
2,"INTRODUCAO A FUNCAO DE VARIAVEIS COMPLEXAS"
2,"INTRODUCAO A ESTATISTICA"
2,"INTERDISCIPLINARIDADE, TECNOLOGIA E CULTURA"
2,"INTERCONEXAO DE REDES"
2,"INTERACAO HUMANO-COMPUTADOR"
2,"INSTALACOES I"
2,"INSTALACOES ELETRICAS II"
2,"INOVACAO E PROPRIEDADE INTELECTUAL"
2,"INFORMATIZACAO DO PROJETO ARQUITETONICO"
2,"IMPACTO AMBIENTAL DAS ATIVIDADES AGRICOLAS"
2,"IMPACTO AMBIENTAL DA INDUSTRIA DO PETROLEO"
2,"HISTORIA DA EDUCACAO BRASILEIRA"
2,"GEST.DA QUAL.DE VIDA E ESTRESSE NO TRAB. (1200826)"
2,"GESTAO PÚBLICA"
2,"GESTAO ESTRATEGICA DE CUSTOS (1200808)"
2,"GESTAO ESTRATEGICA DE CUSTOS"
2,"GERENCIA DE REDES (1200849)"
2,"GERENCIA DE REDES"
2,"GEOMETRIA ANALITICA (1206079)"
2,"GEOLOGIA DO PETROLEO I"
2,"FUNDAMENTOS TEORICO-METODOLOGICOS DA CONCEPCAO FREIREANA DE EDUCACAO"
2,"FUNDAMENTOS SOCIOECONOMICOS E POLITICOS DA EDUCACAO"
2,"FUNDAMENTOS PSICOLOGICOS DA EDUCACAO"
2,"FUNDAMENTOS HISTORICOS E MATERIAIS DA PRODUCAO DA EXISTENCIA DOS HOMENS E MULHERES DO SEMIARIDO BRASILEIRO"
2,"FUNDAMENTOS HISTORICOS E MATERIAIS DA PRODUCAO DA EXISTENCIA DOS HOMENS E MULHERES DO"
2,"FUNDAMENTOS DE PSICOFARMACOLOGIA"
2,"FORMULACAO DE POLITICAS PÚBLICAS"
2,"FONETICA E FONOLOGIA DA LINGUA PORTUGUESA"
2,"FISICA NA EDUCACAO BASICA II"
2,"FINANCAS PÚBLICAS E GESTAO ORCAMENTARIA"
2,"FILOSOFIA DA EDUCACAO"
2,"ETNOECOLOGIA"
2,"ETICA E LEGISLACAO"
2,"ESTRUTURAS I"
2,"EST. CUR. SUP. NO ENS. DE MAT. IV - ORIENTACAO DE TCC"
2,"ESTATISTICA APLICADA A COMPUTACAO (1206045)"
2,"ESTAGIO SUPERVISIONADO EM LINGUA INGLESA IV"
2,"ESTAGIO SUPERVISIONADO EM LIBRAS COMO L2 II"
2,"ESTAGIO SUPERVISIONADO EM LIBRAS COMO L1 I"
2,"ESTAGIO CURRICULAR SUPERV. III: ENSINO-APRENDIZAGEM DE LAB. EM COMPUTACAO"
2,"ESTADO, SOCIEDADE E ADMINISTRACAO PÚBLICA"
2,"EQUACOES DIFERENCIAIS (1206028)"
2,"EPIDEMIOLOGIA E VIGILANCIA EPIDEMIOLOGICA"
2,"ENSINO E INTERDISCIPLINARIDADE NA ESCOLA PÚBLICA"
2,"ENGENHARIA DE SEGURANCA NO TRABALHO (1200373)"
2,"ENGENHARIA DE REQUISITOS"
2,"ENERGIAS RENOVAVEIS"
2,"EMPREENDEDORISMO (1206047)"
2,"EDUCACAO DE JOVENS E ADULTOS NO BRASIL"
2,"EDUCACAO DE ADULTOS NO BRASIL (1206066)"
2,"EDUCACAO AMBIENTAL NO SEMIARIDO"
2,"ECONOMIA PARA ENGENHARIA"
2,"ECOLOGIA TROFICA DE ORGANISMOS AQUATICOS"
2,"ECOLOGIA E MANEJO DE MACROFITAS AQUATICAS"
2,"ECOLOGIA E CONSERVACAO DE MACROFITAS AQUATICAS"
2,"ECOLOGIA DE PEIXES"
2,"ECOLOGIA DE INSETOS SOCIAIS"
2,"ECOFISIOLOGIA DA ADAPTACAO"
2,"DISTÚRBIOS ESPECIFICOS DE LINGUAGEM"
2,"DIREITO PROCESSUAL DO TRABALHO"
2,"DIAGNOSTICO POR IMAGEM"
2,"DESENHO I (1200005)"
2,"DESENHO GEOMETRICO E GEOM.DESCRITIVA (1206024)"
2,"DESENHO AUXILIADO POR COMPUTADOR I"
2,"DEPENDABILIDADE E SEGURANCA"
2,"CURRICULO NA EDUCACAO BASICA"
2,"CULTURA E AMBIENTE"
2,"CRIMES CONTRA A ORDEM TRIBUTARIA"
2,"CRIACAO COMERCIAL DE ANIMAIS SILVESTRES"
2,"CONTROLE PREDITIVO BASEADO EM MODELO"
2,"CONTROLE AMBIENTAL NA INDÚSTRIA TEXTIL"
2,"CONFORTO AMBIENTAL I"
2,"COMUNICACAO CIENTIFICA"
2,"COMPOSITOS"
2,"COMPACTACAO DO SOLO"
2,"CLINICA MEDICA DE GRANDES ANIMAIS"
2,"CITRICULTURA"
2,"CIENCIA E TECNOLOGIA DO PROCESSAMENTO DE ALIMENTOS"
2,"CARDIOLOGIA"
2,"CARACTERIZACAO E TRATAMENTO DE AGUA PRODUZIDA"
2,"BIOTECNOLOGIA DE SISTEMAS"
2,"BIOQUIMICA E FISIOLOGIA DE SEMENTES"
2,"BIOLOGIA MOLECULAR VEGETAL E DE MICRO-ORGANISMOS PATOGENICOS DE INTERESSE SOCIOECONOMICO E AMBIENTAL"
2,"BIOLOGIA EXPERIMENTAL"
2,"BIOESTATISTICA"
2,"BIOCOMBUSTIVEIS"
2,"BANCO DE DADOS AVANCADOS"
2,"AVALIACAO ECONOMICA DE EXPERIMENTOS AGROPECUARIOS"
2,"AUDITORIA CONTABIL"
2,"ARQUITETURA DE COMPUTADORES (1200269)"
2,"ARQUITETURA DE COMPUTADORES"
2,"AR CONDICIONADO"
2,"APRENDIZAGEM  DE MAQUINAS"
2,"APICULTURA E SERICICULTURA"
2,"APICULTURA AVANCADA"
2,"ANTROPOLOGIA E SAÚDE"
2,"ANTROPOLOGIA E EDUCACAO"
2,"ANESTESIOLOGIA NA PRATICA CLINICO-CIRÚRGICA."
2,"ANATOMIA TOPOGRAFICA APLICADA"
2,"ANATOMIA RADIOLOGICA E ULTRASSONOGRAFICA"
2,"ANATOMIA E PROPRIEDADES DA MADEIRA"
2,"ANALISE E PROJETO DE SISTEMAS ORIENTADOS A OBJETOS"
2,"ANALISE E PROJETO DE SISTEMAS (1200783)"
2,"ANALISE E EXPRESSAO TEXTUAL (1206001)"
2,"ANALISE DO DISCURSO"
2,"ANALISE DE SEMENTES"
2,"ANALISE DE RISCOS E GEST.DE INVESTIMENTO (1200794)"
2,"AMBIENTE, EDUCACAO E GESTAO"
2,"ALGORITMOS E ESTRUTURA DE DADOS II"
2,"A COMEDIA E A TRAGEDIA NA OBRA SHAKESPEAREANA"
2,"ACIONAMENTOS PARA CONTROLE E AUTOMACAO"
2,"ACESSIBILIDADE AMBIENTAL"
1,"URBANISMO"
1,"TRANSITORIOS E HARMONICOS"
1,"TOPICOS ESPECIAIS XII EM ADAPTACAO, HOMEOSTASE E SANIDADE EM RUMINANTES"
1,"TOPICOS ESPECIAIS VI - MEJORA DE LA GESTION DEL AGUA DE USO AGRICOLA A NIVEL DE CUENCA, EXPLOTACION AGRARIA Y PARCELA: LOS MODELOS REDUHMO Y MOPECO"
1,"TOPICOS ESPECIAIS VIII"
1,"TOPICOS ESPECIAIS VII - DINAMICA DA AGUA NO SOLO"
1,"TOPICOS ESPECIAIS: USO SUSTENTAVEL DE AGUAS RESIDUAIS NA AGRICULTURA"
1,"TOPICOS ESPECIAIS: GEOLOGIA APLICADA A CIENCIA DO SOLO"
1,"TOPICOS ESPECIAIS EM TECNOLOGIAS EDUCACIONAIS I"
1,"TOPICOS ESPECIAIS EM SISTEMAS DIGITAIS"
1,"TOPICOS ESPECIAIS EM SISTEMAS DE POTENCIA"
1,"TOPICOS ESPECIAIS EM SISTEMAS COMPUTACIONAIS IV"
1,"TOPICOS ESPECIAIS EM SISTEMAS COMPUTACIONAIS III"
1,"TOPICOS ESPECIAIS EM SENSORIAMENTO REMOTO I: BALANCO DE RADIACAO POR IMAGENS ORBITAIS"
1,"TOPICOS ESPECIAIS EM SANEAMENTO"
1,"TOPICOS ESPECIAIS EM RECURSOS HIDRICOS"
1,"TOPICOS ESPECIAIS EM NUTRICAO MINERAL DE PLANTAS"
1,"TOPICOS ESPECIAIS EM LINGUISTICA APLICADA II"
1,"TOPICOS ESPECIAIS EM LINGUISTICA APLICADA I"
1,"TOPICOS ESPECIAIS EM IRRIGACAO E DRENAGEM: IRRIGACAO DE PASTAGEM"
1,"TOPICOS ESPECIAIS EM INTERACAO HUMANO-COMPUTADOR"
1,"TOPICOS ESPECIAIS EM  INTELIGENCIA COMPUTACIONAL II"
1,"TOPICOS ESPECIAIS EM INFRAESTRUTURA DE COMUNICACAO I"
1,"TOPICOS ESPECIAIS EM GEOTECNIA"
1,"TOPICOS ESPECIAIS EM ESTRADAS"
1,"TOPICOS ESPECIAIS EM COMUNICACAO III"
1,"TOPICOS ESPECIAIS EM CIRCUITOS ELETRONICOS"
1,"TOPICOS ESPECIAIS EM BEM-ESTAR ANIMAL"
1,"TOPICOS ESPECIAIS EM ARQUITETURA E URBANISMO"
1,"TOPICOS ESPECIAIS EM AMBIENTE, TECNOLOGIA E SOCIEDADE"
1,"TOPICOS ESPECIAIS DE NANOTECNOLOGIA E MATERIAIS AVANCADOS"
1,"TOPICOS EM REVISAO TEXTUAL"
1,"TOPICOS EM LINGUISTICA APLICADA I"
1,"TOPICOS DE LITERATURA PORTUGUESA"
1,"TOPICOS AVANCADOS EM QUALIDADE DA CARNE"
1,"TOPICOS AVANCADOS EM INSEMINACAO ARTIFICIAL E INSEMINACAO ARTIFICIAL POR TEMPO FIXO"
1,"TOPICOS AVANCADOS EM FINANCAS"
1,"TOPICOS AVANCADOS EM BOVINOCULTURA DE LEITE E CORTE"
1,"TOPICOS AVANCADOS EM APICULTURA"
1,"TOPICOS AVANCADOS DE MELHORAMENTO DE PLANTAS"
1,"TERAPIA INTENSIVA VETERINARIA"
1,"TEORIAS SOBRE ORIGEM DA VIDA E PALEONTOLOGIA (1206163)"
1,"TEORIA ELEMENTAR DOS CONJUNTOS (1206167)"
1,"TEORIA DA CONSTITUICAO"
1,"TEMAS GERADORES: MUDANCAS AMBIENTAIS GLOBAIS"
1,"TEMAS AVANCADOS EM MEDICINA EQUINA"
1,"TECNOLOGIAS DIGITAIS NA EDUCACAO"
1,"TECNOLOGIAS ALTERNATIVAS APLICADAS A AU"
1,"TECNOLOGIA E MEIO AMBIENTE"
1,"TECNOLOGIA DOS PRODUTOS NAO MADEIREIROS"
1,"TECNOLOGIA DO PO"
1,"TECNOLOGIA DA INFORMACAO EM SERVICOS"
1,"TECNICAS GERAIS DE LABORATORIO"
1,"TECNICAS DE CARACTERIZACAO DE MATERIAIS CERAMICOS"
1,"TEC.DIGITAIS EM ESPACOS ESCOLARES (1206162)"
1,"TEC. DE CONS. E USO EFICIENTE DE ENERGIA (1200349)"
1,"SUPORTE BASICO À VIDA E ATENDIMENTO BASICO EM EMERGENCIAS"
1,"SUINOCULTURA (1107008)"
1,"SOCIEDADE E PRATICAS SUSTENTAVEIS"
1,"SISTEMAS DE PRODUCAO E PROCESSOS PRODUTIVOS (1200769)"
1,"SISTEMAS DE INFORMACAO PARA OPERACOES"
1,"SISTEMAS DE GESTAO INTEGRADOS E SUSTENTABILIDADE"
1,"SISTEMA DE NAVEGACAO POR SATELITE"
1,"SEMINARIOS E DISC. DE CASOS CLINICOS DA ROTINA NA AREA DE CONCENTRACAO DA RESIDENCIA"
1,"SEMINARIO FUNDACIONAL"
1,"SEMINARIO"
1,"REMEDIOS CONSTITUCIONAIS"
1,"REFINO E PETROQUIMICA"
1,"REDES INDUSTRIAIS"
1,"REDES DE COLABORACAO SOLIDARIAS"
1,"RECURSOS NATURAIS DO SEMIARIDO"
1,"RECUPERACAO DE MATA CILIAR"
1,"QUIMICA ORGANICA   I (1206148)"
1,"QUIMICA DO SOLO"
1,"QUIMICA ANALITICA COMO FERRAMENTE PARA O ESTUDO DA ECOLOGIA DE ORGANISMOS AQUATICOS"
1,"QUIMICA ANALITICA COMO FERRAMENTA PARA O ESTUDO DA ECOLOGIA DE ORGANISMOS AQUATICOS"
1,"QUALIDADE DE ENERGIA"
1,"PSICOLOGIA DA APRENDIZAGEM E DO DESENVOLVIMENTO HUMANO"
1,"PROJETOS DE CIRCUITOS ELETRONICOS"
1,"PROJETO E DESENVOLVIMENTO DO PRODUTO"
1,"PROJETO E ANALISE DE ALGORITMOS"
1,"PROJETO DE TRABALHO DE CONCLUSAO DE CURSO"
1,"PROJETO DE MAQUINAS AGRICOLAS (1200155)"
1,"PROJETO DE MAQUINAS AGRICOLAS"
1,"PROJETO DE CONCLUSAO DE CURSO II"
1,"PROJETO DE ARQUITETURA III"
1,"PROGRAMACAO APLICADA A ENGENHARIA (1200126)"
1,"PRODUCAO E CONSERVACAO DE FORRAGEM"
1,"PRODUCAO DE BIOPOLIMEROS POR MICROORGANISMOS"
1,"PROCESSOS ESTOCASTICOS"
1,"PROCESSO DE FABRICACAO II"
1,"PROCESSO DE FABRICACAO I"
1,"PRINCIPIOS DE ENGENHARIA EM SOFTWARE (1206137)"
1,"PRATICAS PEDAGOGICAS INTEGRATIVAS III"
1,"PRATICAS PEDAGOGICAS INTEGRATIVAS II"
1,"PRATICAS INTERDISCIPLINARES NA EDUCACAO"
1,"PRATICA DE ENSINO VI - EPISTEMOLOGIA DA MATEMATICA"
1,"PRATICA DE ENSINO V - DIDATICA (1206116)"
1,"PRATICA DE ENSINO IV - DIDATICA (1206126)"
1,"PRATICA DE ENSINO II- POLITICAS, ESTRUTURA E GESTAO DA EDUCACAO BASICA"
1,"PRATICA DE ENSINO III- OBJETOS DIGITAIS DE EDUCACAO MATEMATICA"
1,"PRATICA DE ENSINO III-OBJETOS DIGITAIS DE EDUCACAO EM CIENCIAS"
1,"PONTES"
1,"POLITICAS PÚBLICAS E GESTAO DA EDUCACAO"
1,"PLANTAS MEDICINAIS"
1,"PLANEJ.,PROG. E CONTROLE DA PRODUCAO (1200771)"
1,"PLANEJAMENTO ESTRATEGICO SITUACIONAL E EDUCACAO SANITARIA"
1,"PLANEJAMENTO E PROJETO URBANO E REGIONAL III"
1,"PLANEJAMENTO E PROJETO DA PAISAGEM III"
1,"PLANEJAMENTO E GERENCIAMENTO DE PROJETOS"
1,"PLANEJAMENTO E CONTROLE DA PRODUCAO"
1,"PLANEJAMENTO E ANALISE DE EXPERIMENTOS"
1,"PESQUISA OPERACIONAL E SIMULACAO"
1,"PESQUISA NARRATIVA E ENSINO"
1,"PERICIA CONTABIL"
1,"PEDOLOGIA"
1,"PATOLOGIA DAS DOENCAS TOXICAS, INFECCIOSAS E PARASITARIAS"
1,"ORGANIZACAO, SISTEMAS E METODOS (1200756)"
1,"ORGANIZACAO, ESTRUTURA E FUNCIONAMENTO DA EDUCACAO"
1,"ORCAMENTO EMPRESARIAL (1200503)"
1,"ORALIDADE, LETRAMENTO E ENSINO"
1,"OFICINA IIC - CIDADANIA: EXPERIENCIAS"
1,"OFICINA IIB - SISTEMAS DE PRODUCAO E PROCESSOS DE TRABALHO NO CAMPO: EXPERIENCIAS"
1,"OFICINA IIA - AGRICULTURA FAMILIAR: EXPERIENCIAS"
1,"OFICINA ID - ECONOMIA SOLIDARIA: EXPERIENCIAS"
1,"OFICINA ID - ECONOMIA SOLIDARIA"
1,"OFICINA IC - CIDADANIA"
1,"OFICINA IB - SISTEMAS DE PRODUCAO E PROCESSOS DE TRABALHO NO CAMPO: FUNDAMENTOS"
1,"OFICINA IA - AGRICULTURA FAMILIAR: FUNDAMENTOS"
1,"OFICINA DE DESENHO"
1,"NUTRICAO DOS NAO RUMINANTES"
1,"MULTIMEIOS"
1,"MORFOLOGIA DA LINGUA PORTUGUESA"
1,"MORFOFISIOLOGIA  ANIMAL (1200662)"
1,"MORADA BRASILEIRA"
1,"MODELOS BIOGEOGRAFICOS APLICADOS AO MANEJO E CONSERVACAO DE RECURSOS NATURAIS(PESCA E AQUICULTURA)"
1,"MODELAGEM MATEMATICA"
1,"MODELAGEM E SIMULACAO"
1,"MODELAGEM DE MULTICRITERIO DE APOIO A DECISAO"
1,"METROLOGIA (1200383)"
1,"METODOS DE CRITICA LITERARIA"
1,"METODOLOGIA DA PESQUISA E DIDATICA DE ENSINO EM ENGENHARIA DE PRODUCAO"
1,"METODOLOGIA CIENTIFICA E SEMINARIO"
1,"METALURGIA DA SOLDAGEM"
1,"MEDIDAS GERAIS DE PROFILAXIA E ENFRENTAMENTOS DE EMERGENCIAS SANITARIAS"
1,"MATERIAIS COMPOSITOS"
1,"MATEMATICA E ATUALIDADE"
1,"MATEMATICA DISCRETA (1206099)"
1,"MATEMATICA APLICADA A COMPUTACAOM  II (1206101)"
1,"MARKETING I"
1,"MAQUINAS DE ELEVACAO E TRANSPORTE"
1,"MANUTENCAO DE SOFTWARE"
1,"MANEJO ECOLOGICO EM AQUICULTURA"
1,"MANEJO  DE BACIAS HIDROGRAFICAS"
1,"LOGISTICA E GESTAO DA CADEIA DE SUPRIM. (1200460)"
1,"LITERATURA PORTUGUESA I"
1,"LITERATURA POPULAR"
1,"LITERATURA NORTE-AMERICANA II"
1,"LITERATURA BRASILEIRA I"
1,"LIRICA E MODERNIDADE"
1,"LINGUISTICA TEXTUAL APLICADA AO ENSINO"
1,"LINGUAGEM DE PROGRAMACAO  II (1206098)"
1,"LINGUAGEM DE PROGRAMACAO"
1,"LINGUA BRASILEIRA DE SINAIS - LIBRAS"
1,"LEITURA DIRIGIDA: JOGOS E ROBOTICA COMO APOIO A CRIANCAS COM TRANSTORNO NO DESENVOLVIMENTO"
1,"LEITURA DIRIGIDA: ESTUDO DA TEORIA SOCIAL COGNITIVA"
1,"LEITURA DIRIGIDA: ESTUDO DA OBRA DE GILBERT SIMONDON"
1,"LEITURA DIRIGIDA: ARTE, CULTURA E TECNOLOGIAS NAS SOCIEDADES CONTEMPORANEAS"
1,"LEGISLACAO PREVIDENCIARIA"
1,"LEGISLACAO DE TRIBUTOS MUNICIPAIS"
1,"LABORATORIO DE QUIMICA ANALITICA"
1,"LABORATORIO CLINICO"
1,"JURISDICAO CONSTITUCIONAL E CONTROLE DE CONSTITUCIONALIDADE"
1,"INVESTIGACAO EPIDEMIOLOGICA"
1,"INTRODUCAO AS FUNCOES DE VARIAS VARIAVEIS COMPLEXAS"
1,"INTRODUCAO À ROBOTICA"
1,"INTRODUCAO À PRAGMATICA"
1,"INTRODUCAO AO GEOPROCESSAMENTO"
1,"INTRODUCAO À NARRATOLOGIA"
1,"INTRODUCAO A LIBRAS (1200810)"
1,"INTRODUCAO A ENGENHARIA AUTOMOBILISTICA"
1,"INTRODUCAO A EDUCACAO A DISTANCIA E TECNOLOGIA ASSISTIVAS"
1,"INTRODUCAO A COMPUTACAO (1206093)"
1,"INTRODUCAO A ANALISE QUANTITATIVA"
1,"INSTALACOES II"
1,"IMPACTO AMBIENTAL NA AGRICULTURA IRRIGADA"
1,"HISTORIA DO CONSTITUCIONALISMO BRASILEIRO"
1,"HISTORIA DA EDUCACAO"
1,"GOVERNANCA CORPORATIVA (1200809)"
1,"GOVERNANCA CORPORATIVA"
1,"GESTAO MUNICIPAL E LEGISLACAO URBANISTICA"
1,"GESTAO ESTRATEGICA DE RECURSOS HUMANOS"
1,"GESTAO E AVALIACAO DE POLITICAS SOCIAIS"
1,"GESTAO DOS TRIBUTOS NA FORMACAO DE PRECOS E CUSTOS"
1,"GESTAO DOS TRIBUTOS INTERNACIONAIS  BENEFICIOS E VANTAGENS"
1,"GESTAO DO CONHECIMENTO E DA INOVACAO"
1,"GESTAO DE SERVICOS  PLANEJAMENTO, PROGRAMACAO E CONTROLE"
1,"GESTAO DE EMPRESAS ASSOC.E INST.SOCIAIS (1200827)"
1,"GESTAO DE CUSTOS E PRECOS EM SERVICO"
1,"GESTAO DA QUALIDADE DE VIDA E ESTRESSE NO TRABALHO"
1,"GESTAO DA MANUTENCAO E DA AUTOMACAO"
1,"GESTAO AMBIENTAL E IMPACTOS AMBIENTAIS"
1,"GERENCIAMENTO E GESTAO DE PROJETOS NA CONSTRUCAO CIVIL"
1,"GEOMETRIA DIFERENCIAL"
1,"GEOLOGIA (1200709)"
1,"GEOESTATISTICA"
1,"GENEROS ORAIS NA ESCOLA"
1,"FUND. DE CIENCIA DOS MATERIAIS"
1,"FUNDAMENTOS DE MATEMATICA DISCRETA PARA CONTROLE E AUTOMACAO"
1,"FUNDAMENTOS DE CROMATOGRAFIA LIQUIDADE DE  ALTA EFICIENCIA E PREPARO DE AMOSTRAS BIOLOGICAS"
1,"FUNDAMENTOS DE ADSORCAO"
1,"FUNDAMENTOS DA GESTAO SOCIAL"
1,"FONTES ALTERNATIVAS DE ENERGIA (1200561)"
1,"FISIOLOGIA DA LACTACAO E QUALIDADE DO LEITE"
1,"FISIOECOLOGIA DE ORGANISMO AQUATICOS"
1,"FISICA APLICADA A BIOLOGIA (1206077)"
1,"FERTIRRIGACAO (1200149)"
1,"FERTILIDADE DO SOLO"
1,"EZOOGNOSE E JULGAMENTO ANIMAL (1200166)"
1,"EXECUCAO PENAL"
1,"ESTRUTURAS II"
1,"ESTRUTURAS DE CONCRETO PROTENDIDO"
1,"ESTRATEGIAS NAS ORGANIZACOES"
1,"ESTATISTICA (1104001)"
1,"ESTAGIO SUPERVISIONADO ( 1200300 )"
1,"ESTAGIO CURRICULAR SUPERVISIONADO II: ENSINO-APRENDIZAGEM DE COMPUTACAO II"
1,"ESTAGIO CURRICULAR SUPERVISIONADO I: ENSINO-APRENDIZAGEM DE COMPUTACAO I"
1,"ESCRAVIDAO NA HISTORIA DA HUMANIDADE"
1,"ENSINO DE LEITURA DE LITERATURA"
1,"ENGENHARIA ECONOMICA (1200374)"
1,"ENGENHARIA DE SOFTWARE II"
1,"ENGENHARIA DE REQUISITOS (1106516)"
1,"ELETROMAGNETISMO"
1,"EDUCACAO POPULAR E PEDAGOGIA SOCIAL NO BRASIL"
1,"EDUCACAO POPULAR E MOVIMENTOS SOCIAIS"
1,"EDUCACAO INTERDISCIPLINAR"
1,"EDUCACAO INFANTIL"
1,"EDUCACAO ESPECIAL E INCLUSIVA"
1,"EDUCACAO E SAUDE (1206034)"
1,"EDUCACAO AMBIENTAL"
1,"EDUCACAO AMB.E BIODIV.-PRES.DA VIDA (1206040)"
1,"EDUCACAO A DISTANCIA"
1,"ECOLOGIA VEGETAL"
1,"ECOLOGIA DE MICROORGANISMOS"
1,"ECOLOGIA DA INVASAO"
1,"ECOLOGIA (1107042)"
1,"DIREITOS FUNDAMENTAIS NA CONSTITUICAO DE 1988"
1,"DIREITO FINANCEIRO"
1,"DIREITO ELEITORAL"
1,"DIREITO ECONOMICO CONSTITUCIONAL"
1,"DIREITO CONSTITUCIONAL E ORGANIZACAO DOS PODERES"
1,"DIREITO CONSTITUCIONAL E ORGANIZACAO DO ESTADO"
1,"DIREITO AMBIENTAL CONSTITUCIONAL"
1,"DIREITO ADMINISTRATIVO"
1,"DINAMICA DE AGUA NO SOLO"
1,"DIDATICA DO ENSINO SUPERIOR"
1,"DIAGNOSTICO HISTIPATOLOGICO DAS DOENCAS DO SISTEMA NERVOSO CENTRAL (SNC) DOS ANIMAIS DOMESTICOS"
1,"DIAGNOSTICO EM PATOLOGIA"
1,"DESEMPENHO DAS EDIFICACOES"
1,"DEMOGRAFIA E CONSERVACAO DE POPULACOES"
1,"CUSTOS E FORMACAO DE PRECO DE VENDA"
1,"CURRICULO, IDENTIDADE E CONHECIMENTO"
1,"CULTURA DOS POVOS DE LINGUA INGLESA"
1,"CRIMINOLOGIA"
1,"CONTROLE DE SALINIDADE NA AGRICULTURA IRRIGADA"
1,"CONTABILIDADE HOTELEIRA"
1,"CONTABILIDADE E LEGISLACAO SOCIETARIA"
1,"CONTABILIDADE DO AGRONEGOCIO (1200806)"
1,"CONTABILIDADE DAS INSTITUICOES FINANCEIRAS"
1,"CONSULTORIA ORGANIZACIONAL EM SERVICOS"
1,"CONSULTORIA ORGANIZACIONAL"
1,"CONSERVACAO DE BIODIVERSIDADE EM UNIDADES DE CONSERVACAO"
1,"CONSERVACAO DE ALIMENTOS, ROTULAGEM E EMBALAGEM"
1,"CONSELHOS ESCOLARES E ESTATUTO DA CRIANCA E DO ADOLESCENTE"
1,"CONFORTO TERMICO"
1,"CONFORTO AMBIENTAL II"
1,"COMUNICACOES SEM FIO E MOVEIS"
1,"COMUNICACOES DIGITAIS"
1,"COMUNICACAO E CULTURA ORGANIZACIONAL"
1,"COMPUTACAO E SOCIEDADE"
1,"COMPUTACAO E PROGRAMACAO PARALELA"
1,"COMPORTAMENTO ORGANIZACIONAL"
1,"COMPORTAMENTO DO CONSUMIDOR"
1,"COMPORTAMENTO DE ABELHAS APIS MELIFERA E SUA APLICACAO EM PROGRAMAS DE SELECAO E MELHORAMENTO"
1,"COMERCIO EXTERIOR (1200821)"
1,"CLINICA MEDICA DE PEQUENOS  ANIMAIS"
1,"CLINICA CIRÚRGICA DE PEQUENOS ANIMAIS"
1,"CLINICA CIRÚRGICA DE GRANDES ANIMAIS"
1,"CLINICA CIRURGICA (1108039)"
1,"CLIMATOLOGIA E METEOROLOGIA"
1,"CARTOGRAFIA"
1,"CARDILOGIA"
1,"CALCULO  I (1206017)"
1,"CALCULO DIFERENCIAL E INTEGRAL"
1,"CADASTRO DE IMOVEIS"
1,"BOAS PRATICAS DE PROGRAMACAO"
1,"BIOTECNICAS APLICADAS À REPRODUCAO DE ANIMAIS SILVESTRES"
1,"BIOLOGIA MOLECULAR VEGETAL E DE MICRO-ORGANISMOS PATOGENICOS DE INTERESSE SOCIO-ECONOMICO E AMBIENTAL"
1,"BIOLOGIA MOLECULAR E CELULAR (1206014)"
1,"BIOESTATISTICA (1206012)"
1,"BIOCLIMATOLOGIA E AMBIENCIA"
1,"BANCO DE DADOS AVANCADOS (1106515)"
1,"AVALIACAO DE IMOVEIS"
1,"AUDITORIA FISCAL"
1,"ARQUITETURA DE SOFTWARE"
1,"ARQUITETURA DE INTERIORES II"
1,"APRENDIZADO DE MAQUINA"
1,"APLICACAO DE SISTEMAS INTELIGENTES NAS ORGANIZACOES"
1,"ANATOMIA E FISIOLOGIA ANIMAL (1206009)"
1,"ANALISES QUIMICAS, INSTRUMENTAIS E SENSORIAIS DE ALIMENTOS"
1,"ANALISE DE DADOS DE COMUNIDADE EM R."
1,"A INSERCAO DOS SERVICOS NA ESTRUTURA ORGANIZACIONAL"
1,"A ESCRAVIDAO NA HISTORIA DA HUMANIDADE"
1,"ADUBOS E ADUBACAO DE PLANTAS"
1,"ADSORCAO"
1,"ADMINISTRACAO FINANCEIRA  I (1200762)"
1,"ADMINISTRACAO ESTRATEGICA"
1,"ADMINISTRACAO DE VENDAS"
1,"ABORD.SOCIO-POLITICA DAS ORGANIZACOES (1200500)"
